Applicant_ID,Gender,Age,Marital_Status,Housing_Type,Education_Level,Income_Type,Annual_Income,Employment_Duration,Family_Members,Existing_Loans,Credit_Inquiries,Past_Due_Records,Approval_Status
ACC-10000,Female,24,Married,Rented Apartment,Secondary / Secondary Special,Working,44500.0,2.3,3,1,1,1,0
ACC-10001,Male,27,Married,Rented Apartment,Secondary / Secondary Special,Commercial Associate,88900.0,6.0,1,2,3,0,0
ACC-10002,Male,65,Single,Own House,Higher Education,Working,78500.0,42.0,4,3,4,0,1
ACC-10003,Male,55,Single,Own House,Secondary / Secondary Special,Working,52700.0,32.6,2,1,1,0,1
ACC-10004,Female,29,Single,Own House,Secondary / Secondary Special,Working,48200.0,0.6,3,0,0,2,0
ACC-10005,Female,28,Married,Rented Apartment,Secondary / Secondary Special,Pensioner,28900.0,7.4,1,2,3,0,0
ACC-10006,Female,65,Separated,Own House,Secondary / Secondary Special,Pensioner,81100.0,2.9,2,1,0,0,1
ACC-10007,Male,37,Married,Own House,Higher Education,Working,65400.0,4.9,4,1,0,0,1
ACC-10008,Male,37,Civil Union,Rented Apartment,Secondary / Secondary Special,Working,97400.0,9.0,4,1,0,1,1
ACC-10009,Male,53,Separated,Own House,Secondary / Secondary Special,Working,57700.0,16.1,1,2,2,0,1
ACC-10010,Female,52,Married,Own House,Secondary / Secondary Special,Working,50600.0,19.5,2,4,4,0,1
ACC-10011,Male,28,Single,Own House,Higher Education,Commercial Associate,113400.0,4.1,2,3,1,4,0
ACC-10012,Male,39,Married,With Parents,Secondary / Secondary Special,Working,66200.0,17.8,1,0,4,2,0
ACC-10013,Female,58,Married,With Parents,Higher Education,Commercial Associate,100700.0,9.5,3,1,0,3,0
ACC-10014,Female,23,Married,Rented Apartment,Higher Education,Working,94800.0,1.2,1,0,0,0,1
ACC-10015,Female,25,Single,Own House,Secondary / Secondary Special,Pensioner,45800.0,4.6,2,0,1,2,0
ACC-10016,Female,33,Civil Union,Own House,Higher Education,Commercial Associate,100300.0,1.5,3,2,4,0,1
ACC-10017,Female,51,Single,Municipal Housing,Higher Education,Working,110600.0,19.1,2,0,1,0,1
ACC-10018,Female,36,Married,Municipal Housing,Secondary / Secondary Special,State Servant,33200.0,11.1,3,1,0,0,1
ACC-10019,Female,52,Single,Own House,Secondary / Secondary Special,State Servant,44900.0,16.4,5,1,0,0,1
ACC-10020,Male,42,Separated,Rented Apartment,Incomplete Higher,Working,47700.0,15.4,1,2,0,0,1
ACC-10021,Female,49,Married,Own House,Higher Education,Working,66700.0,5.4,3,0,0,0,1
ACC-10022,Female,42,Separated,Own House,Secondary / Secondary Special,Pensioner,46900.0,18.8,1,0,0,1,1
ACC-10023,Female,63,Married,Rented Apartment,Secondary / Secondary Special,Working,76100.0,6.5,2,1,3,0,1
ACC-10024,Female,23,Single,Own House,Higher Education,Working,46800.0,1.5,1,0,1,0,1
ACC-10025,Male,30,Married,With Parents,Higher Education,Working,79600.0,1.2,1,4,2,0,0
ACC-10026,Female,62,Married,Own House,Higher Education,State Servant,82900.0,23.1,2,2,0,2,1
ACC-10027,Female,41,Married,Own House,Secondary / Secondary Special,State Servant,58700.0,14.2,2,1,0,0,1
ACC-10028,Male,36,Single,With Parents,Higher Education,Pensioner,41700.0,15.1,4,2,1,0,1
ACC-10029,Female,32,Married,With Parents,Secondary / Secondary Special,Commercial Associate,73100.0,9.0,3,0,3,0,0
ACC-10030,Male,22,Married,Own House,Secondary / Secondary Special,Working,45000.0,1.3,5,2,1,2,0
ACC-10031,Female,61,Single,Own House,Higher Education,Commercial Associate,97600.0,38.3,2,0,3,0,1
ACC-10032,Female,44,Civil Union,Own House,Incomplete Higher,State Servant,27200.0,11.7,1,2,2,0,0
ACC-10033,Male,55,Married,Own House,Secondary / Secondary Special,Working,57800.0,19.9,2,1,0,0,1
ACC-10034,Male,50,Married,Municipal Housing,Secondary / Secondary Special,Working,49200.0,18.1,2,0,0,2,0
ACC-10035,Male,50,Married,With Parents,Higher Education,Working,84200.0,12.6,2,0,2,0,1
ACC-10036,Female,55,Married,Own House,Secondary / Secondary Special,Commercial Associate,86600.0,29.4,3,1,1,0,1
ACC-10037,Female,39,Single,Own House,Higher Education,State Servant,89000.0,3.9,2,1,0,0,1
ACC-10038,Male,28,Single,Own House,Higher Education,Commercial Associate,122500.0,4.7,2,0,1,3,0
ACC-10039,Female,46,Single,With Parents,Secondary / Secondary Special,Pensioner,37100.0,18.9,1,1,1,0,1
ACC-10040,Female,60,Married,Own House,Academic Degree,Working,123600.0,36.2,1,1,3,0,1
ACC-10041,Female,27,Single,Own House,Higher Education,Pensioner,94700.0,6.2,1,1,0,0,1
ACC-10042,Female,50,Married,Own House,Higher Education,State Servant,96000.0,15.5,1,2,0,0,1
ACC-10043,Male,27,Single,Own House,Higher Education,Working,89500.0,4.7,3,0,1,0,1
ACC-10044,Female,23,Single,Own House,Higher Education,Pensioner,79100.0,1.5,1,1,2,0,0
ACC-10045,Male,21,Single,Own House,Secondary / Secondary Special,Working,71800.0,0.7,3,3,1,3,0
ACC-10046,Female,56,Single,With Parents,Secondary / Secondary Special,State Servant,87000.0,32.7,2,1,4,0,1
ACC-10047,Female,45,Married,With Parents,Higher Education,State Servant,107500.0,23.3,1,1,2,2,1
ACC-10048,Female,57,Separated,Rented Apartment,Secondary / Secondary Special,Commercial Associate,97700.0,33.2,3,1,1,0,1
ACC-10049,Female,21,Married,Own House,Secondary / Secondary Special,Commercial Associate,81000.0,0.6,2,0,0,2,0
ACC-10050,Male,35,Single,Own House,Higher Education,Working,97500.0,12.8,1,1,1,0,1
ACC-10051,Male,57,Married,Own House,Higher Education,Commercial Associate,112100.0,35.1,4,3,2,0,1
ACC-10052,Male,33,Single,Own House,Secondary / Secondary Special,Working,38400.0,5.0,1,0,3,0,0
ACC-10053,Male,60,Married,With Parents,Higher Education,State Servant,113500.0,21.0,1,2,4,0,1
ACC-10054,Male,28,Married,Own House,Higher Education,Commercial Associate,68300.0,6.3,3,0,1,0,1
ACC-10055,Male,25,Married,Own House,Secondary / Secondary Special,Pensioner,60700.0,3.0,3,1,1,0,1
ACC-10056,Female,29,Single,With Parents,Higher Education,Working,95900.0,8.9,2,2,0,0,1
ACC-10057,Female,21,Single,Municipal Housing,Secondary / Secondary Special,State Servant,58700.0,0.7,1,2,0,0,0
ACC-10058,Female,56,Married,Own House,Secondary / Secondary Special,Pensioner,53600.0,25.8,4,2,0,0,1
ACC-10059,Female,55,Married,Own House,Secondary / Secondary Special,State Servant,74200.0,27.8,2,3,0,0,1
ACC-10060,Female,22,Single,Own House,Secondary / Secondary Special,Working,36200.0,1.2,1,1,1,0,0
ACC-10061,Female,60,Married,Own House,Secondary / Secondary Special,Working,96200.0,34.4,2,1,0,0,1
ACC-10062,Male,43,Married,Own House,Higher Education,Working,91600.0,12.8,4,0,1,0,1
ACC-10063,Female,29,Married,Own House,Higher Education,Commercial Associate,155900.0,4.0,1,0,1,0,1
ACC-10064,Female,54,Married,Municipal Housing,Secondary / Secondary Special,Commercial Associate,97400.0,4.1,3,1,1,0,1
ACC-10065,Female,34,Married,Own House,Higher Education,Pensioner,71100.0,5.8,2,1,1,1,0
ACC-10066,Female,24,Married,Own House,Secondary / Secondary Special,Working,49800.0,3.1,2,1,0,0,1
ACC-10067,Male,50,Married,Own House,Secondary / Secondary Special,Working,62600.0,27.7,3,2,4,0,1
ACC-10068,Female,51,Married,Own House,Higher Education,Commercial Associate,108300.0,8.2,5,1,0,0,1
ACC-10069,Male,58,Married,With Parents,Secondary / Secondary Special,State Servant,97200.0,13.8,1,0,4,1,0
ACC-10070,Male,31,Married,Own House,Secondary / Secondary Special,Pensioner,72000.0,2.1,1,1,0,0,1
ACC-10071,Female,55,Married,Own House,Higher Education,State Servant,99900.0,24.3,4,1,1,0,1
ACC-10072,Female,28,Single,Own House,Secondary / Secondary Special,Working,103900.0,7.7,3,1,0,0,1
ACC-10073,Male,23,Married,Rented Apartment,Higher Education,Commercial Associate,60600.0,2.1,2,2,0,0,1
ACC-10074,Male,34,Married,Own House,Secondary / Secondary Special,State Servant,75200.0,8.8,2,1,1,0,1
ACC-10075,Male,33,Married,Rented Apartment,Secondary / Secondary Special,Working,92600.0,7.4,3,2,2,0,1
ACC-10076,Male,65,Married,Own House,Secondary / Secondary Special,Working,77000.0,4.4,3,1,0,1,1
ACC-10077,Female,52,Married,Own House,Secondary / Secondary Special,Working,35700.0,23.5,4,1,1,0,1
ACC-10078,Female,54,Married,Own House,Secondary / Secondary Special,Working,95600.0,20.7,2,2,0,0,1
ACC-10079,Female,65,Civil Union,With Parents,Secondary / Secondary Special,Commercial Associate,96700.0,29.9,2,0,1,0,1
ACC-10080,Male,39,Married,With Parents,Higher Education,Working,97500.0,17.1,2,0,3,0,1
ACC-10081,Male,58,Separated,Own House,Higher Education,Working,91900.0,29.9,2,0,3,0,1
ACC-10082,Female,36,Married,Own House,Secondary / Secondary Special,Working,108900.0,12.6,2,1,1,1,1
ACC-10083,Female,22,Married,Own House,Secondary / Secondary Special,Commercial Associate,89800.0,1.9,2,0,0,0,1
ACC-10084,Female,60,Married,Own House,Secondary / Secondary Special,Working,59700.0,39.6,1,4,0,0,1
ACC-10085,Female,37,Married,Own House,Incomplete Higher,Commercial Associate,62100.0,10.1,2,1,4,0,1
ACC-10086,Male,54,Married,With Parents,Academic Degree,Working,126700.0,4.1,3,1,0,0,1
ACC-10087,Male,62,Single,With Parents,Secondary / Secondary Special,Working,86700.0,19.6,3,0,2,0,1
ACC-10088,Male,36,Married,Own House,Higher Education,Working,91200.0,12.7,2,0,1,0,1
ACC-10089,Female,58,Separated,Own House,Secondary / Secondary Special,Working,52700.0,1.5,1,0,5,3,0
ACC-10090,Female,22,Single,With Parents,Secondary / Secondary Special,Working,94300.0,0.6,2,1,1,0,0
ACC-10091,Male,22,Married,Rented Apartment,Secondary / Secondary Special,Working,45500.0,0.6,3,1,1,0,0
ACC-10092,Male,46,Married,Own House,Secondary / Secondary Special,State Servant,108300.0,19.1,2,1,1,0,1
ACC-10093,Male,33,Married,Own House,Secondary / Secondary Special,Commercial Associate,63800.0,6.8,3,1,4,2,0
ACC-10094,Male,51,Married,Own House,Secondary / Secondary Special,Working,36900.0,11.8,2,2,5,1,0
ACC-10095,Female,54,Married,Own House,Higher Education,Working,64700.0,4.0,1,0,2,0,0
ACC-10096,Female,59,Married,Own House,Secondary / Secondary Special,Pensioner,20600.0,28.7,3,2,2,2,1
ACC-10097,Female,23,Married,Own House,Secondary / Secondary Special,Commercial Associate,74800.0,1.3,1,1,1,0,0
ACC-10098,Female,28,Married,Own House,Secondary / Secondary Special,Working,54700.0,2.5,2,1,2,0,0
ACC-10099,Female,43,Separated,Own House,Secondary / Secondary Special,Commercial Associate,102500.0,15.2,1,0,3,1,1
ACC-10100,Female,34,Single,Own House,Secondary / Secondary Special,Commercial Associate,99400.0,8.0,1,1,1,1,1
ACC-10101,Male,47,Separated,Own House,Secondary / Secondary Special,State Servant,60100.0,10.1,2,0,1,2,0
ACC-10102,Female,49,Married,Rented Apartment,Secondary / Secondary Special,Working,133300.0,18.8,2,4,1,1,1
ACC-10103,Female,59,Married,With Parents,Secondary / Secondary Special,Working,59800.0,10.9,3,1,1,4,0
ACC-10104,Male,59,Married,Own House,Secondary / Secondary Special,Working,62700.0,31.1,3,4,3,0,1
ACC-10105,Female,21,Married,Own House,Secondary / Secondary Special,Pensioner,18000.0,0.6,3,1,1,0,0
ACC-10106,Female,37,Married,Municipal Housing,Higher Education,Commercial Associate,103200.0,3.1,2,0,0,0,1
ACC-10107,Male,61,Single,Own House,Higher Education,Working,96500.0,32.2,2,1,1,1,1
ACC-10108,Female,50,Single,Own House,Secondary / Secondary Special,Pensioner,18900.0,21.4,2,0,0,0,1
ACC-10109,Female,33,Married,Own House,Secondary / Secondary Special,Pensioner,34000.0,2.8,2,3,1,0,0
ACC-10110,Female,41,Married,Own House,Secondary / Secondary Special,Pensioner,52200.0,2.9,2,2,3,1,0
ACC-10111,Female,39,Married,Own House,Secondary / Secondary Special,State Servant,53500.0,16.0,4,1,1,3,0
ACC-10112,Male,39,Married,With Parents,Secondary / Secondary Special,Pensioner,28800.0,14.9,1,1,3,0,1
ACC-10113,Male,45,Married,Own House,Secondary / Secondary Special,Working,82200.0,8.5,4,1,0,0,1
ACC-10114,Male,42,Married,Own House,Secondary / Secondary Special,State Servant,36800.0,14.7,1,4,3,0,1
ACC-10115,Male,51,Married,With Parents,Incomplete Higher,State Servant,41100.0,4.3,2,0,1,0,0
ACC-10116,Male,37,Separated,Own House,Secondary / Secondary Special,Working,68900.0,8.9,2,2,0,0,1
ACC-10117,Female,43,Single,Own House,Secondary / Secondary Special,Working,83600.0,0.9,2,1,1,2,0
ACC-10118,Male,52,Single,Own House,Secondary / Secondary Special,Pensioner,51700.0,12.8,1,4,4,0,1
ACC-10119,Female,30,Married,Own House,Incomplete Higher,Working,60100.0,1.2,4,2,0,0,1
ACC-10120,Male,30,Married,Own House,Higher Education,State Servant,83300.0,5.0,3,4,1,0,1
ACC-10121,Male,56,Married,Own House,Secondary / Secondary Special,Working,87200.0,15.5,3,1,3,0,1
ACC-10122,Female,28,Married,Own House,Higher Education,Working,108900.0,3.8,2,0,0,0,1
ACC-10123,Female,40,Married,Rented Apartment,Secondary / Secondary Special,Working,66100.0,1.4,4,1,1,0,0
ACC-10124,Female,52,Single,Own House,Higher Education,Working,83900.0,11.9,3,1,1,1,1
ACC-10125,Female,34,Single,Own House,Higher Education,Commercial Associate,105800.0,10.7,2,2,0,0,1
ACC-10126,Male,48,Married,Own House,Secondary / Secondary Special,Commercial Associate,64000.0,10.6,3,0,1,1,1
ACC-10127,Male,44,Married,Own House,Higher Education,Working,86700.0,17.3,2,1,0,0,1
ACC-10128,Female,35,Civil Union,Own House,Secondary / Secondary Special,Working,54200.0,5.9,2,0,2,0,1
ACC-10129,Female,42,Married,With Parents,Secondary / Secondary Special,Working,62800.0,9.6,2,2,0,0,1
ACC-10130,Female,50,Married,Own House,Secondary / Secondary Special,Working,55000.0,17.1,2,0,0,0,1
ACC-10131,Female,24,Married,Own House,Higher Education,State Servant,101500.0,3.8,1,1,1,0,1
ACC-10132,Female,33,Single,Rented Apartment,Secondary / Secondary Special,Working,83000.0,1.9,2,0,1,0,1
ACC-10133,Female,43,Separated,Own House,Secondary / Secondary Special,Working,56600.0,1.2,3,0,0,0,1
ACC-10134,Male,28,Married,Own House,Higher Education,Working,72100.0,5.1,5,3,3,0,1
ACC-10135,Female,38,Civil Union,Rented Apartment,Secondary / Secondary Special,Working,80700.0,17.1,5,0,4,0,1
ACC-10136,Female,32,Single,With Parents,Secondary / Secondary Special,Working,69100.0,11.9,2,0,3,0,1
ACC-10137,Male,51,Married,Rented Apartment,Secondary / Secondary Special,Working,56900.0,15.3,2,0,1,0,1
ACC-10138,Female,34,Married,Own House,Secondary / Secondary Special,State Servant,95300.0,6.8,1,1,3,0,1
ACC-10139,Male,54,Married,Own House,Secondary / Secondary Special,Pensioner,32600.0,22.1,3,1,4,0,1
ACC-10140,Male,38,Separated,Rented Apartment,Secondary / Secondary Special,State Servant,21200.0,10.2,1,0,1,0,1
ACC-10141,Female,54,Married,Own House,Incomplete Higher,Working,49400.0,21.7,2,1,0,0,1
ACC-10142,Female,31,Single,Own House,Higher Education,Working,125600.0,9.7,3,0,0,0,1
ACC-10143,Female,61,Married,With Parents,Secondary / Secondary Special,Commercial Associate,73000.0,30.7,2,2,1,0,1
ACC-10144,Female,32,Single,Own House,Secondary / Secondary Special,Commercial Associate,68700.0,6.2,1,2,4,0,0
ACC-10145,Female,35,Married,Rented Apartment,Secondary / Secondary Special,Pensioner,45600.0,7.2,3,4,1,3,0
ACC-10146,Male,51,Married,Own House,Higher Education,Working,112200.0,20.0,2,3,2,0,1
ACC-10147,Female,49,Single,Own House,Secondary / Secondary Special,Working,63200.0,13.5,1,0,0,0,1
ACC-10148,Female,46,Single,Own House,Secondary / Secondary Special,Commercial Associate,93000.0,12.2,1,0,0,1,1
ACC-10149,Female,38,Civil Union,Rented Apartment,Higher Education,State Servant,85800.0,0.8,2,1,1,0,1
ACC-10150,Male,52,Married,Own House,Secondary / Secondary Special,State Servant,78200.0,6.0,1,0,4,0,0
ACC-10151,Female,42,Single,Own House,Secondary / Secondary Special,Commercial Associate,84000.0,11.0,3,0,1,1,1
ACC-10152,Female,58,Married,Rented Apartment,Higher Education,Pensioner,61200.0,31.3,2,0,3,1,1
ACC-10153,Female,37,Married,Rented Apartment,Higher Education,Working,95700.0,5.1,3,1,0,0,1
ACC-10154,Male,43,Married,Municipal Housing,Secondary / Secondary Special,Pensioner,33100.0,12.3,1,1,1,0,1
ACC-10155,Female,44,Married,Own House,Higher Education,Pensioner,39700.0,8.6,2,0,1,1,1
ACC-10156,Male,28,Married,Own House,Secondary / Secondary Special,State Servant,64600.0,1.3,3,0,3,0,0
ACC-10157,Male,61,Separated,Municipal Housing,Higher Education,Working,61600.0,39.3,3,1,0,0,1
ACC-10158,Female,26,Married,Own House,Secondary / Secondary Special,Working,78100.0,5.2,2,0,0,0,1
ACC-10159,Male,25,Single,Own House,Higher Education,Commercial Associate,104200.0,0.9,4,4,0,0,1
ACC-10160,Female,64,Married,Own House,Incomplete Higher,Working,96300.0,31.8,1,0,4,0,1
ACC-10161,Male,49,Married,Rented Apartment,Incomplete Higher,State Servant,57700.0,10.4,2,1,0,0,1
ACC-10162,Male,48,Married,Own House,Higher Education,Working,89600.0,27.9,4,1,0,1,1
ACC-10163,Female,31,Separated,Rented Apartment,Secondary / Secondary Special,Working,32700.0,3.7,1,0,1,0,0
ACC-10164,Female,21,Civil Union,Own House,Secondary / Secondary Special,Commercial Associate,55700.0,0.6,1,1,1,0,1
ACC-10165,Male,63,Civil Union,Own House,Secondary / Secondary Special,Working,28100.0,24.6,1,1,3,0,1
ACC-10166,Female,39,Separated,Own House,Higher Education,Working,113700.0,15.9,2,2,4,0,1
ACC-10167,Female,29,Married,Own House,Higher Education,Working,79900.0,2.1,2,1,1,0,1
ACC-10168,Female,47,Married,Own House,Secondary / Secondary Special,Commercial Associate,109200.0,19.3,1,0,4,0,1
ACC-10169,Male,54,Single,Own House,Higher Education,Working,31000.0,2.6,2,0,2,0,0
ACC-10170,Male,64,Married,Own House,Higher Education,State Servant,124100.0,40.5,2,0,0,0,1
ACC-10171,Female,24,Married,Rented Apartment,Incomplete Higher,Working,63500.0,0.8,1,0,4,2,0
ACC-10172,Female,56,Married,Rented Apartment,Higher Education,Pensioner,77500.0,33.0,2,1,2,0,1
ACC-10173,Female,38,Single,Rented Apartment,Secondary / Secondary Special,Working,41600.0,9.1,2,4,1,0,1
ACC-10174,Male,35,Married,Own House,Secondary / Secondary Special,Working,76600.0,7.0,4,1,2,0,1
ACC-10175,Female,33,Married,Own House,Secondary / Secondary Special,Working,56800.0,12.7,3,1,1,0,1
ACC-10176,Male,39,Married,Own House,Secondary / Secondary Special,Working,38700.0,18.8,3,1,0,0,1
ACC-10177,Female,26,Married,With Parents,Higher Education,Commercial Associate,78400.0,4.1,2,2,2,0,1
ACC-10178,Male,32,Married,Rented Apartment,Higher Education,Working,63000.0,2.0,2,0,2,0,1
ACC-10179,Female,57,Married,Rented Apartment,Higher Education,Working,98400.0,19.0,2,2,2,0,1
ACC-10180,Female,37,Single,Own House,Higher Education,Commercial Associate,91000.0,9.2,3,2,0,0,1
ACC-10181,Female,43,Married,Own House,Secondary / Secondary Special,Working,28900.0,12.1,2,0,4,0,1
ACC-10182,Male,46,Married,Own House,Secondary / Secondary Special,Working,73100.0,15.0,3,0,0,0,1
ACC-10183,Male,49,Single,Own House,Secondary / Secondary Special,State Servant,18000.0,1.0,5,4,0,0,0
ACC-10184,Female,53,Married,Own House,Secondary / Secondary Special,Pensioner,74200.0,23.6,1,2,0,1,1
ACC-10185,Male,47,Married,With Parents,Secondary / Secondary Special,Working,108700.0,19.4,1,0,0,0,1
ACC-10186,Male,45,Single,Own House,Secondary / Secondary Special,Working,36100.0,3.3,1,1,1,0,1
ACC-10187,Male,30,Married,Own House,Secondary / Secondary Special,Pensioner,68200.0,5.9,2,1,1,2,0
ACC-10188,Female,43,Single,Own House,Secondary / Secondary Special,Working,72700.0,13.3,1,1,3,0,1
ACC-10189,Female,41,Single,With Parents,Higher Education,Pensioner,59000.0,14.5,4,0,5,0,0
ACC-10190,Female,41,Single,Own House,Secondary / Secondary Special,Working,55000.0,2.3,1,0,2,0,1
ACC-10191,Male,63,Married,Rented Apartment,Secondary / Secondary Special,State Servant,79400.0,27.1,2,1,1,0,1
ACC-10192,Male,33,Married,With Parents,Secondary / Secondary Special,Working,64100.0,4.0,1,2,2,0,0
ACC-10193,Male,57,Married,Own House,Incomplete Higher,Pensioner,18000.0,19.0,4,2,3,0,1
ACC-10194,Female,53,Married,Own House,Secondary / Secondary Special,Working,110600.0,25.6,3,0,1,0,1
ACC-10195,Female,44,Single,Own House,Secondary / Secondary Special,Commercial Associate,89500.0,17.1,4,2,2,0,1
ACC-10196,Male,64,Married,Own House,Higher Education,Working,88900.0,5.7,5,0,1,2,1
ACC-10197,Male,31,Married,Rented Apartment,Secondary / Secondary Special,Working,49200.0,6.7,2,1,1,0,1
ACC-10198,Male,37,Married,Rented Apartment,Incomplete Higher,State Servant,60800.0,16.5,1,3,1,0,1
ACC-10199,Male,24,Married,Own House,Secondary / Secondary Special,Commercial Associate,107900.0,1.0,1,1,2,0,1
ACC-10200,Male,45,Married,Own House,Secondary / Secondary Special,Pensioner,50800.0,21.4,1,0,2,0,1
ACC-10201,Female,50,Single,Own House,Secondary / Secondary Special,Working,73300.0,21.2,3,0,1,0,1
ACC-10202,Female,29,Married,Own House,Higher Education,State Servant,62500.0,7.1,1,1,1,0,1
ACC-10203,Male,41,Single,Own House,Secondary / Secondary Special,Working,57300.0,6.3,1,2,3,1,0
ACC-10204,Male,40,Separated,Own House,Secondary / Secondary Special,Pensioner,46100.0,6.1,2,4,5,1,0
ACC-10205,Female,39,Married,Own House,Secondary / Secondary Special,Pensioner,60300.0,17.3,2,2,0,0,1
ACC-10206,Female,39,Married,Rented Apartment,Secondary / Secondary Special,Working,55900.0,7.2,3,2,0,0,1
ACC-10207,Male,32,Married,Own House,Secondary / Secondary Special,State Servant,85400.0,1.2,2,1,2,0,1
ACC-10208,Female,57,Single,Own House,Higher Education,State Servant,64800.0,22.4,3,2,1,0,1
ACC-10209,Female,62,Married,Own House,Higher Education,Working,91500.0,5.7,2,0,0,2,0
ACC-10210,Female,37,Married,With Parents,Secondary / Secondary Special,Commercial Associate,77900.0,13.6,1,3,0,0,1
ACC-10211,Male,57,Married,Own House,Secondary / Secondary Special,Working,31700.0,23.9,3,0,2,0,1
ACC-10212,Male,59,Civil Union,Own House,Higher Education,State Servant,89000.0,34.2,5,3,2,0,1
ACC-10213,Female,48,Married,Own House,Secondary / Secondary Special,Working,52200.0,22.1,1,0,1,0,1
ACC-10214,Male,61,Married,Rented Apartment,Secondary / Secondary Special,Working,96100.0,5.0,2,1,1,3,0
ACC-10215,Female,55,Civil Union,Own House,Secondary / Secondary Special,Working,56000.0,13.6,2,1,1,1,1
ACC-10216,Female,38,Married,Rented Apartment,Higher Education,Commercial Associate,112700.0,14.1,1,4,0,0,1
ACC-10217,Male,34,Civil Union,Municipal Housing,Incomplete Higher,State Servant,37900.0,6.1,4,2,1,1,0
ACC-10218,Male,55,Single,Rented Apartment,Higher Education,Pensioner,75200.0,34.0,2,0,0,0,1
ACC-10219,Male,64,Single,Own House,Secondary / Secondary Special,Working,55900.0,32.5,3,1,1,0,1
ACC-10220,Male,61,Married,Own House,Secondary / Secondary Special,Working,47900.0,1.1,3,0,0,0,1
ACC-10221,Male,27,Single,Own House,Higher Education,Commercial Associate,167300.0,6.2,2,0,2,0,1
ACC-10222,Female,61,Civil Union,Municipal Housing,Secondary / Secondary Special,Commercial Associate,72200.0,4.6,1,0,1,0,0
ACC-10223,Female,33,Married,Own House,Academic Degree,Working,105300.0,2.3,1,0,1,0,1
ACC-10224,Female,38,Married,Own House,Incomplete Higher,Working,84800.0,13.4,1,1,0,0,1
ACC-10225,Female,57,Married,Rented Apartment,Secondary / Secondary Special,Working,48100.0,32.1,1,3,0,0,1
ACC-10226,Male,33,Married,Own House,Incomplete Higher,Working,73900.0,7.2,2,3,1,0,0
ACC-10227,Female,56,Married,Own House,Secondary / Secondary Special,Commercial Associate,91200.0,10.8,3,0,0,0,1
ACC-10228,Male,51,Married,Own House,Higher Education,Commercial Associate,110400.0,11.2,2,0,0,0,1
ACC-10229,Male,22,Married,Own House,Secondary / Secondary Special,State Servant,115500.0,1.0,3,0,1,1,0
ACC-10230,Male,36,Single,Rented Apartment,Secondary / Secondary Special,Commercial Associate,62300.0,5.6,2,0,2,0,1
ACC-10231,Female,29,Married,Own House,Higher Education,Working,123800.0,2.6,3,0,0,0,1
ACC-10232,Male,29,Single,Own House,Higher Education,State Servant,100400.0,5.7,5,0,1,0,1
ACC-10233,Female,58,Married,Own House,Secondary / Secondary Special,Commercial Associate,100000.0,34.3,1,1,4,0,1
ACC-10234,Female,31,Married,Rented Apartment,Secondary / Secondary Special,Working,72500.0,3.7,4,1,4,0,0
ACC-10235,Male,42,Married,Rented Apartment,Secondary / Secondary Special,Commercial Associate,121300.0,4.5,2,1,0,0,1
ACC-10236,Female,53,Married,Own House,Secondary / Secondary Special,Working,58000.0,27.8,3,0,2,0,1
ACC-10237,Female,56,Married,Own House,Secondary / Secondary Special,State Servant,75900.0,26.8,3,1,1,1,1
ACC-10238,Male,65,Married,Own House,Secondary / Secondary Special,Working,93700.0,41.9,2,2,5,0,1
ACC-10239,Female,43,Married,With Parents,Secondary / Secondary Special,Commercial Associate,67700.0,4.2,1,0,1,0,1
ACC-10240,Male,65,Single,Own House,Secondary / Secondary Special,Working,87000.0,6.9,1,0,2,0,1
ACC-10241,Male,65,Married,Rented Apartment,Secondary / Secondary Special,Working,64600.0,24.6,2,0,2,0,1
ACC-10242,Male,54,Single,Own House,Secondary / Secondary Special,Pensioner,18000.0,21.1,5,0,1,0,1
ACC-10243,Female,29,Single,Own House,Secondary / Secondary Special,State Servant,33100.0,4.6,3,1,2,0,0
ACC-10244,Female,44,Single,Own House,Incomplete Higher,Working,63000.0,14.6,2,0,0,0,1
ACC-10245,Male,28,Civil Union,With Parents,Secondary / Secondary Special,Working,86800.0,1.9,3,1,0,1,0
ACC-10246,Female,27,Married,Own House,Incomplete Higher,Working,19300.0,3.6,3,0,1,0,0
ACC-10247,Male,56,Married,With Parents,Higher Education,Commercial Associate,109400.0,23.9,2,1,4,1,1
ACC-10248,Male,38,Civil Union,Own House,Higher Education,Commercial Associate,124600.0,8.1,1,0,1,0,1
ACC-10249,Male,23,Married,Own House,Higher Education,Commercial Associate,76900.0,2.2,1,1,1,0,1
ACC-10250,Female,48,Married,Own House,Higher Education,Working,76100.0,12.9,4,0,1,0,1
ACC-10251,Female,26,Single,Rented Apartment,Secondary / Secondary Special,State Servant,77600.0,2.3,3,0,0,0,1
ACC-10252,Male,64,Single,Own House,Secondary / Secondary Special,Working,83700.0,13.7,2,2,1,0,1
ACC-10253,Female,64,Civil Union,With Parents,Higher Education,Working,125300.0,18.4,2,1,2,2,1
ACC-10254,Female,41,Separated,With Parents,Secondary / Secondary Special,Commercial Associate,67100.0,1.0,3,0,5,0,0
ACC-10255,Male,48,Single,With Parents,Higher Education,Pensioner,52100.0,18.9,4,1,0,2,1
ACC-10256,Male,60,Married,Own House,Secondary / Secondary Special,State Servant,101400.0,33.9,3,1,1,1,1
ACC-10257,Male,21,Civil Union,Rented Apartment,Higher Education,Commercial Associate,88400.0,0.7,2,1,0,0,1
ACC-10258,Male,56,Married,Rented Apartment,Secondary / Secondary Special,Commercial Associate,91200.0,2.1,1,1,0,0,1
ACC-10259,Female,41,Married,Own House,Secondary / Secondary Special,Pensioner,93000.0,20.7,2,2,1,0,1
ACC-10260,Male,63,Civil Union,Own House,Secondary / Secondary Special,Working,81600.0,11.7,1,0,1,1,1
ACC-10261,Male,55,Married,Own House,Higher Education,Working,107200.0,4.9,3,0,0,1,1
ACC-10262,Female,33,Married,Own House,Higher Education,Pensioner,98100.0,5.1,2,0,0,0,1
ACC-10263,Female,30,Married,Own House,Secondary / Secondary Special,State Servant,76500.0,7.5,3,2,2,0,0
ACC-10264,Male,64,Single,Own House,Higher Education,Working,107300.0,13.3,2,3,4,0,1
ACC-10265,Male,30,Married,Own House,Secondary / Secondary Special,Working,57500.0,6.0,3,2,0,1,0
ACC-10266,Male,33,Single,Own House,Secondary / Secondary Special,Working,90500.0,5.7,2,2,2,2,0
ACC-10267,Male,57,Married,Own House,Secondary / Secondary Special,Working,74100.0,4.8,2,4,0,0,1
ACC-10268,Female,58,Single,Own House,Secondary / Secondary Special,Pensioner,18000.0,12.9,2,1,4,0,0
ACC-10269,Female,44,Single,Own House,Secondary / Secondary Special,Working,70300.0,17.5,1,2,2,0,1
ACC-10270,Male,22,Married,Own House,Secondary / Secondary Special,State Servant,18000.0,1.4,4,4,2,0,0
ACC-10271,Male,42,Married,Own House,Higher Education,Working,105700.0,3.1,2,0,0,1,1
ACC-10272,Male,37,Married,Own House,Higher Education,Commercial Associate,99900.0,3.2,2,1,1,0,1
ACC-10273,Male,56,Separated,Own House,Secondary / Secondary Special,Working,106900.0,23.2,3,1,1,0,1
ACC-10274,Female,34,Single,Rented Apartment,Secondary / Secondary Special,Commercial Associate,90800.0,11.5,4,3,0,0,1
ACC-10275,Female,30,Civil Union,Own House,Secondary / Secondary Special,Commercial Associate,100300.0,3.8,2,2,0,0,1
ACC-10276,Male,55,Married,Rented Apartment,Secondary / Secondary Special,Commercial Associate,56900.0,21.0,4,2,1,0,1
ACC-10277,Male,45,Single,Own House,Secondary / Secondary Special,Working,80100.0,4.7,1,3,2,1,0
ACC-10278,Male,23,Single,Own House,Secondary / Secondary Special,Working,50900.0,1.3,1,1,0,0,0
ACC-10279,Male,58,Single,Own House,Incomplete Higher,Working,89000.0,1.3,2,0,1,0,1
ACC-10280,Male,37,Separated,Own House,Higher Education,Working,65400.0,13.2,2,0,0,0,1
ACC-10281,Female,32,Married,Rented Apartment,Secondary / Secondary Special,Commercial Associate,82400.0,5.1,2,1,0,0,1
ACC-10282,Female,44,Married,Own House,Secondary / Secondary Special,Commercial Associate,54500.0,19.7,2,1,1,0,1
ACC-10283,Female,49,Single,Own House,Secondary / Secondary Special,Commercial Associate,82800.0,20.7,2,1,0,0,1
ACC-10284,Male,63,Single,Own House,Higher Education,Commercial Associate,149500.0,35.7,3,1,1,0,1
ACC-10285,Female,45,Married,Own House,Secondary / Secondary Special,Working,80900.0,7.5,2,3,1,0,1
ACC-10286,Female,56,Married,With Parents,Secondary / Secondary Special,Working,64300.0,7.1,5,0,1,1,0
ACC-10287,Female,46,Married,Rented Apartment,Higher Education,Working,35800.0,25.3,3,2,1,0,1
ACC-10288,Female,58,Married,Own House,Secondary / Secondary Special,State Servant,53200.0,27.4,2,3,4,0,1
ACC-10289,Male,21,Married,Own House,Secondary / Secondary Special,Commercial Associate,90400.0,0.9,2,1,1,0,1
ACC-10290,Female,40,Single,Own House,Secondary / Secondary Special,Working,53800.0,0.8,2,1,2,1,0
ACC-10291,Female,48,Single,Rented Apartment,Secondary / Secondary Special,Working,96400.0,10.2,3,2,0,0,1
ACC-10292,Male,36,Married,Own House,Secondary / Secondary Special,State Servant,66600.0,12.0,1,1,1,0,1
ACC-10293,Female,37,Married,Own House,Secondary / Secondary Special,Commercial Associate,103700.0,1.8,1,0,1,0,1
ACC-10294,Female,60,Married,With Parents,Secondary / Secondary Special,Commercial Associate,84500.0,22.9,4,0,0,0,1
ACC-10295,Female,48,Married,Own House,Secondary / Secondary Special,Working,58900.0,12.3,2,0,1,1,1
ACC-10296,Male,32,Single,Own House,Higher Education,Working,79600.0,0.7,1,0,0,2,1
ACC-10297,Female,47,Civil Union,Municipal Housing,Secondary / Secondary Special,Pensioner,22700.0,6.8,1,0,0,0,1
ACC-10298,Male,62,Married,Own House,Secondary / Secondary Special,State Servant,89100.0,12.3,4,0,0,1,1
ACC-10299,Female,50,Single,Own House,Higher Education,Working,80600.0,3.8,4,1,2,0,1
ACC-10300,Female,61,Civil Union,Own House,Higher Education,State Servant,101500.0,26.1,2,3,2,0,1
ACC-10301,Female,54,Single,Own House,Higher Education,Commercial Associate,93400.0,8.6,2,1,0,1,1
ACC-10302,Female,57,Married,Own House,Secondary / Secondary Special,Working,41200.0,10.6,3,3,1,0,1
ACC-10303,Male,26,Separated,With Parents,Secondary / Secondary Special,Working,77200.0,5.4,3,2,0,0,1
ACC-10304,Male,27,Married,Own House,Higher Education,Working,73600.0,3.5,3,1,0,2,0
ACC-10305,Male,52,Married,Rented Apartment,Higher Education,Working,81200.0,12.9,2,1,2,0,1
ACC-10306,Female,52,Married,With Parents,Secondary / Secondary Special,Commercial Associate,52500.0,23.3,4,0,1,0,1
ACC-10307,Female,45,Married,Own House,Higher Education,Working,79200.0,22.8,2,2,0,0,1
ACC-10308,Male,53,Married,Own House,Secondary / Secondary Special,State Servant,65500.0,1.3,1,3,0,1,0
ACC-10309,Female,27,Married,Own House,Academic Degree,Pensioner,83700.0,3.4,3,1,2,1,0
ACC-10310,Female,32,Married,With Parents,Higher Education,Working,108000.0,7.5,2,0,0,0,1
ACC-10311,Female,36,Single,Rented Apartment,Higher Education,Working,93200.0,5.4,4,2,0,1,1
ACC-10312,Female,36,Civil Union,Own House,Incomplete Higher,State Servant,132900.0,12.5,1,0,2,0,1
ACC-10313,Male,63,Married,Rented Apartment,Higher Education,State Servant,99300.0,41.8,3,0,1,0,1
ACC-10314,Male,56,Single,Own House,Secondary / Secondary Special,Commercial Associate,41800.0,34.0,2,2,1,1,1
ACC-10315,Male,33,Single,With Parents,Secondary / Secondary Special,Working,60300.0,3.8,3,1,3,0,0
ACC-10316,Female,27,Single,Own House,Secondary / Secondary Special,Working,62200.0,2.0,1,1,0,0,0
ACC-10317,Female,56,Married,Own House,Secondary / Secondary Special,Commercial Associate,66500.0,34.5,2,3,2,0,1
ACC-10318,Female,29,Single,With Parents,Higher Education,Pensioner,71600.0,4.4,3,1,0,0,1
ACC-10319,Female,52,Separated,Own House,Secondary / Secondary Special,Working,50800.0,7.1,2,1,1,0,1
ACC-10320,Female,31,Single,Own House,Secondary / Secondary Special,Pensioner,52300.0,7.9,1,0,3,0,1
ACC-10321,Male,28,Married,Own House,Secondary / Secondary Special,Working,23000.0,2.6,2,0,1,0,1
ACC-10322,Male,53,Married,Own House,Higher Education,Pensioner,95200.0,9.2,3,2,2,0,1
ACC-10323,Female,43,Single,Own House,Secondary / Secondary Special,Commercial Associate,45300.0,20.3,2,1,2,0,1
ACC-10324,Male,45,Married,With Parents,Secondary / Secondary Special,Working,59200.0,4.5,2,0,0,1,0
ACC-10325,Male,28,Married,Own House,Secondary / Secondary Special,Commercial Associate,63900.0,1.0,2,0,2,1,0
ACC-10326,Male,65,Married,Own House,Higher Education,Working,96700.0,12.5,4,1,3,1,1
ACC-10327,Male,42,Single,Rented Apartment,Secondary / Secondary Special,Working,61000.0,13.5,2,1,1,0,1
ACC-10328,Female,24,Civil Union,Own House,Higher Education,Working,95500.0,0.9,1,1,0,1,1
ACC-10329,Female,60,Married,Own House,Secondary / Secondary Special,Working,89400.0,19.1,3,1,0,0,1
ACC-10330,Female,23,Separated,Rented Apartment,Secondary / Secondary Special,Working,81900.0,2.1,3,0,0,0,1
ACC-10331,Male,49,Married,With Parents,Incomplete Higher,Commercial Associate,80800.0,24.7,1,1,0,0,1
ACC-10332,Female,61,Single,Own House,Secondary / Secondary Special,Commercial Associate,90100.0,9.8,5,3,1,0,1
ACC-10333,Female,49,Single,Rented Apartment,Secondary / Secondary Special,Working,108100.0,23.8,2,0,0,1,1
ACC-10334,Female,54,Single,Own House,Secondary / Secondary Special,State Servant,82700.0,8.4,2,1,0,0,1
ACC-10335,Female,54,Separated,With Parents,Secondary / Secondary Special,Commercial Associate,73500.0,23.2,2,1,1,0,1
ACC-10336,Male,48,Married,Own House,Secondary / Secondary Special,Pensioner,73100.0,12.3,4,1,1,1,1
ACC-10337,Male,33,Single,Rented Apartment,Secondary / Secondary Special,Commercial Associate,88600.0,1.9,1,0,1,0,0
ACC-10338,Female,35,Married,Own House,Secondary / Secondary Special,Working,43800.0,10.9,2,3,2,1,0
ACC-10339,Female,43,Single,With Parents,Secondary / Secondary Special,Working,61000.0,5.4,1,1,0,1,0
ACC-10340,Female,64,Single,Rented Apartment,Higher Education,Commercial Associate,72600.0,8.2,3,2,0,0,1
ACC-10341,Female,46,Single,Rented Apartment,Higher Education,Working,39700.0,9.6,2,0,0,0,1
ACC-10342,Female,24,Married,Own House,Secondary / Secondary Special,Working,44100.0,2.8,2,1,1,0,1
ACC-10343,Female,46,Civil Union,Own House,Secondary / Secondary Special,Working,67700.0,6.5,1,2,0,0,1
ACC-10344,Female,60,Married,Own House,Secondary / Secondary Special,Working,67800.0,7.8,3,0,2,0,1
ACC-10345,Male,29,Married,Rented Apartment,Secondary / Secondary Special,Working,33900.0,0.6,3,0,0,0,1
ACC-10346,Male,25,Single,Own House,Secondary / Secondary Special,Working,18000.0,2.6,2,1,4,2,0
ACC-10347,Female,52,Married,Municipal Housing,Secondary / Secondary Special,Working,97400.0,14.0,3,0,1,1,1
ACC-10348,Female,40,Single,With Parents,Secondary / Secondary Special,Commercial Associate,82100.0,5.1,2,1,1,0,1
ACC-10349,Male,31,Married,Own House,Secondary / Secondary Special,Commercial Associate,114200.0,1.1,3,0,2,0,1
ACC-10350,Female,35,Married,Rented Apartment,Secondary / Secondary Special,Working,98000.0,6.7,1,0,2,0,1
ACC-10351,Male,52,Single,Own House,Incomplete Higher,Working,81200.0,25.3,2,1,1,0,1
ACC-10352,Male,48,Married,Own House,Secondary / Secondary Special,Working,66300.0,20.2,5,0,4,0,1
ACC-10353,Female,42,Married,Own House,Higher Education,Working,81300.0,19.0,5,4,1,1,1
ACC-10354,Female,61,Single,Own House,Higher Education,Working,105800.0,0.9,2,2,2,2,0
ACC-10355,Male,37,Married,Rented Apartment,Secondary / Secondary Special,Working,61500.0,16.4,2,1,1,0,1
ACC-10356,Female,46,Single,Own House,Secondary / Secondary Special,Commercial Associate,67000.0,9.2,1,2,3,0,0
ACC-10357,Male,64,Married,Own House,Secondary / Secondary Special,Commercial Associate,33800.0,43.6,4,2,0,0,1
ACC-10358,Male,27,Single,Rented Apartment,Secondary / Secondary Special,Working,63200.0,2.1,2,0,0,0,1
ACC-10359,Male,62,Single,Rented Apartment,Secondary / Secondary Special,Working,89100.0,20.1,2,2,2,0,1
ACC-10360,Female,46,Single,Own House,Higher Education,Commercial Associate,132700.0,9.5,1,0,0,0,1
ACC-10361,Male,45,Married,With Parents,Secondary / Secondary Special,State Servant,66200.0,9.2,4,1,0,0,1
ACC-10362,Female,30,Single,Own House,Secondary / Secondary Special,Commercial Associate,60400.0,8.5,2,1,0,0,1
ACC-10363,Female,65,Single,Own House,Higher Education,Commercial Associate,124900.0,33.7,2,1,2,0,1
ACC-10364,Male,39,Single,Own House,Higher Education,Working,89700.0,18.9,2,0,3,0,1
ACC-10365,Female,31,Married,Own House,Secondary / Secondary Special,Working,57000.0,6.9,2,0,2,0,1
ACC-10366,Male,33,Civil Union,With Parents,Higher Education,State Servant,58000.0,6.3,2,1,2,1,1
ACC-10367,Male,28,Single,Own House,Secondary / Secondary Special,Working,111300.0,1.2,4,0,1,3,0
ACC-10368,Female,60,Married,Rented Apartment,Secondary / Secondary Special,Pensioner,61200.0,39.9,4,2,0,2,1
ACC-10369,Female,24,Married,Own House,Secondary / Secondary Special,Commercial Associate,98600.0,2.4,2,1,0,1,1
ACC-10370,Female,51,Civil Union,Own House,Secondary / Secondary Special,Commercial Associate,61000.0,21.9,3,0,1,0,1
ACC-10371,Female,48,Married,Municipal Housing,Incomplete Higher,Working,66800.0,11.7,2,0,0,0,1
ACC-10372,Female,31,Separated,Rented Apartment,Secondary / Secondary Special,Commercial Associate,78200.0,6.3,2,1,0,0,1
ACC-10373,Male,63,Single,Own House,Secondary / Secondary Special,Working,82200.0,40.6,5,1,1,0,1
ACC-10374,Female,21,Single,Own House,Secondary / Secondary Special,Working,94900.0,0.6,2,0,2,1,0
ACC-10375,Female,58,Married,Own House,Secondary / Secondary Special,Working,33400.0,11.5,2,0,1,1,1
ACC-10376,Male,44,Married,Own House,Secondary / Secondary Special,State Servant,41400.0,4.1,5,0,2,0,1
ACC-10377,Female,51,Separated,Rented Apartment,Secondary / Secondary Special,Commercial Associate,94200.0,24.7,1,0,2,0,1
ACC-10378,Male,61,Married,Rented Apartment,Higher Education,Working,78800.0,3.0,3,1,2,0,1
ACC-10379,Female,46,Single,Own House,Secondary / Secondary Special,Working,82900.0,2.6,4,2,5,0,0
ACC-10380,Female,25,Married,With Parents,Secondary / Secondary Special,Commercial Associate,71800.0,1.8,2,1,0,0,1
ACC-10381,Male,40,Married,Own House,Secondary / Secondary Special,Commercial Associate,52500.0,10.5,1,2,1,0,1
ACC-10382,Male,61,Married,Own House,Secondary / Secondary Special,Commercial Associate,41300.0,17.0,2,0,3,2,0
ACC-10383,Male,31,Married,Own House,Secondary / Secondary Special,Working,75700.0,1.0,1,1,1,0,1
ACC-10384,Male,53,Separated,Own House,Higher Education,Working,101200.0,31.6,2,1,2,0,1
ACC-10385,Male,58,Married,Own House,Incomplete Higher,Commercial Associate,101300.0,36.2,3,1,1,0,1
ACC-10386,Female,47,Married,Own House,Secondary / Secondary Special,Working,72200.0,7.9,2,1,1,4,0
ACC-10387,Female,54,Married,Own House,Secondary / Secondary Special,Pensioner,18000.0,25.0,2,1,0,1,1
ACC-10388,Male,35,Married,Own House,Higher Education,Commercial Associate,116100.0,8.9,2,1,5,0,1
ACC-10389,Male,52,Married,Rented Apartment,Secondary / Secondary Special,Working,32900.0,8.0,2,0,2,4,0
ACC-10390,Male,41,Civil Union,Own House,Secondary / Secondary Special,Working,23900.0,5.9,4,1,3,0,0
ACC-10391,Female,25,Married,Own House,Secondary / Secondary Special,State Servant,21300.0,2.7,2,1,2,0,0
ACC-10392,Female,26,Married,Rented Apartment,Higher Education,Working,44200.0,2.8,3,4,0,0,0
ACC-10393,Male,58,Married,With Parents,Secondary / Secondary Special,Working,71100.0,11.4,2,1,0,0,1
ACC-10394,Female,42,Separated,With Parents,Higher Education,Commercial Associate,88900.0,17.9,2,1,3,0,1
ACC-10395,Male,38,Married,Own House,Higher Education,Working,56600.0,8.9,2,1,1,2,0
ACC-10396,Male,34,Married,Own House,Secondary / Secondary Special,State Servant,65500.0,9.3,2,2,0,1,1
ACC-10397,Female,30,Single,Own House,Higher Education,Working,65700.0,2.3,2,4,1,0,1
ACC-10398,Male,33,Single,Own House,Higher Education,Commercial Associate,126600.0,7.2,1,2,1,0,1
ACC-10399,Male,51,Married,With Parents,Secondary / Secondary Special,Working,96900.0,10.2,4,1,2,0,1
ACC-10400,Female,50,Married,Own House,Secondary / Secondary Special,Working,60200.0,16.0,2,0,1,0,1
ACC-10401,Male,23,Single,Own House,Secondary / Secondary Special,State Servant,95300.0,2.5,4,1,2,0,1
ACC-10402,Female,50,Married,Own House,Secondary / Secondary Special,Commercial Associate,110300.0,23.2,1,1,3,0,1
ACC-10403,Male,26,Single,Own House,Secondary / Secondary Special,Working,66900.0,2.4,2,2,0,0,1
ACC-10404,Female,49,Single,Rented Apartment,Secondary / Secondary Special,Working,103100.0,20.3,1,0,0,1,1
ACC-10405,Male,28,Married,Own House,Secondary / Secondary Special,Commercial Associate,66300.0,7.6,2,1,1,0,1
ACC-10406,Female,64,Married,Own House,Higher Education,Working,47000.0,27.7,4,0,4,0,1
ACC-10407,Female,65,Married,Own House,Secondary / Secondary Special,Pensioner,18000.0,7.1,1,2,1,0,0
ACC-10408,Male,63,Single,Own House,Secondary / Secondary Special,Pensioner,30300.0,29.4,2,0,1,0,1
ACC-10409,Female,64,Married,Own House,Secondary / Secondary Special,Commercial Associate,91800.0,5.1,1,1,2,0,1
ACC-10410,Female,53,Married,Own House,Secondary / Secondary Special,Working,39600.0,28.8,2,0,1,0,1
ACC-10411,Male,37,Single,Own House,Secondary / Secondary Special,Working,50100.0,9.0,3,0,4,0,0
ACC-10412,Male,31,Separated,Rented Apartment,Secondary / Secondary Special,Commercial Associate,52500.0,4.5,2,1,3,2,0
ACC-10413,Male,33,Married,With Parents,Secondary / Secondary Special,Working,50600.0,1.2,3,0,1,0,1
ACC-10414,Male,31,Civil Union,With Parents,Higher Education,Working,119500.0,4.5,2,1,1,1,0
ACC-10415,Female,51,Married,With Parents,Higher Education,Working,97900.0,28.0,4,3,0,0,1
ACC-10416,Female,48,Married,Own House,Secondary / Secondary Special,Working,52300.0,1.1,3,3,2,2,0
ACC-10417,Female,64,Married,Own House,Higher Education,Working,116900.0,21.1,2,0,2,0,1
ACC-10418,Male,26,Married,Own House,Higher Education,Working,90600.0,5.6,2,2,1,0,1
ACC-10419,Male,61,Married,With Parents,Secondary / Secondary Special,State Servant,67900.0,16.5,4,0,0,0,1
ACC-10420,Male,36,Married,Municipal Housing,Incomplete Higher,Working,90100.0,7.1,2,3,3,0,1
ACC-10421,Male,24,Civil Union,With Parents,Higher Education,Working,82500.0,2.5,3,2,1,0,1
ACC-10422,Female,55,Single,Own House,Secondary / Secondary Special,Working,85200.0,16.5,2,0,2,4,0
ACC-10423,Female,46,Single,With Parents,Secondary / Secondary Special,Commercial Associate,98600.0,4.8,1,1,0,1,1
ACC-10424,Female,32,Married,Own House,Secondary / Secondary Special,Working,61800.0,0.7,3,0,1,0,0
ACC-10425,Female,31,Married,Own House,Secondary / Secondary Special,Commercial Associate,49300.0,6.9,2,2,2,0,0
ACC-10426,Female,57,Married,Own House,Higher Education,Pensioner,70300.0,34.1,2,1,1,0,1
ACC-10427,Male,45,Single,Own House,Secondary / Secondary Special,Working,90000.0,3.1,2,1,1,1,0
ACC-10428,Female,38,Civil Union,Own House,Higher Education,Working,108000.0,4.2,1,1,0,1,1
ACC-10429,Female,39,Married,Own House,Higher Education,Working,127600.0,7.3,3,4,1,0,1
ACC-10430,Female,43,Married,Own House,Higher Education,Pensioner,59200.0,18.7,4,3,4,0,1
ACC-10431,Male,58,Married,Own House,Higher Education,State Servant,107100.0,10.6,4,1,1,1,1
ACC-10432,Male,38,Married,With Parents,Secondary / Secondary Special,State Servant,42900.0,15.9,2,1,3,0,1
ACC-10433,Female,46,Married,Rented Apartment,Secondary / Secondary Special,Working,69400.0,1.9,2,2,3,0,0
ACC-10434,Female,26,Single,Own House,Higher Education,Pensioner,94300.0,5.7,3,2,4,0,1
ACC-10435,Male,24,Single,Rented Apartment,Secondary / Secondary Special,Working,84900.0,2.5,2,0,3,1,0
ACC-10436,Female,64,Married,With Parents,Secondary / Secondary Special,Working,67300.0,29.2,2,0,0,0,1
ACC-10437,Male,49,Married,Own House,Higher Education,State Servant,84100.0,11.0,4,0,4,3,0
ACC-10438,Male,54,Separated,Own House,Higher Education,Pensioner,48100.0,26.7,2,1,0,0,1
ACC-10439,Female,37,Married,Own House,Secondary / Secondary Special,Working,60000.0,3.2,2,0,0,0,1
ACC-10440,Female,63,Married,Own House,Higher Education,Working,61200.0,2.6,1,1,0,0,1
ACC-10441,Male,63,Married,Rented Apartment,Higher Education,Working,82400.0,17.3,1,1,0,2,1
ACC-10442,Female,36,Married,With Parents,Secondary / Secondary Special,Working,25300.0,13.7,1,1,1,0,1
ACC-10443,Female,22,Married,Own House,Secondary / Secondary Special,Working,36000.0,1.6,4,1,1,0,1
ACC-10444,Male,54,Single,Rented Apartment,Incomplete Higher,Pensioner,63800.0,17.8,2,0,0,0,1
ACC-10445,Male,28,Married,With Parents,Secondary / Secondary Special,Commercial Associate,96300.0,4.8,2,2,1,0,1
ACC-10446,Male,33,Married,With Parents,Secondary / Secondary Special,State Servant,58600.0,2.1,3,3,1,1,0
ACC-10447,Male,62,Single,Own House,Secondary / Secondary Special,State Servant,66400.0,35.4,2,1,2,0,1
ACC-10448,Female,28,Married,With Parents,Higher Education,Commercial Associate,109400.0,6.4,2,2,0,1,1
ACC-10449,Female,50,Civil Union,Own House,Secondary / Secondary Special,State Servant,75100.0,19.9,2,0,0,2,1
ACC-10450,Male,52,Civil Union,Own House,Secondary / Secondary Special,Commercial Associate,87800.0,15.2,3,2,0,0,1
ACC-10451,Male,56,Married,Own House,Secondary / Secondary Special,Working,35600.0,34.7,1,0,0,1,1
ACC-10452,Female,50,Single,Own House,Academic Degree,Commercial Associate,71300.0,26.4,1,1,1,0,1
ACC-10453,Male,21,Married,Rented Apartment,Secondary / Secondary Special,Commercial Associate,57600.0,0.8,1,0,1,0,0
ACC-10454,Female,63,Separated,Own House,Secondary / Secondary Special,State Servant,61600.0,16.3,2,1,0,0,1
ACC-10455,Female,59,Married,Own House,Incomplete Higher,Pensioner,66100.0,24.3,2,0,1,0,1
ACC-10456,Female,37,Separated,Own House,Secondary / Secondary Special,Working,70200.0,10.0,3,1,1,0,1
ACC-10457,Female,40,Single,Rented Apartment,Incomplete Higher,Commercial Associate,91800.0,8.2,1,0,5,0,0
ACC-10458,Female,44,Married,Own House,Incomplete Higher,Working,45300.0,7.7,3,2,0,2,0
ACC-10459,Female,42,Married,Rented Apartment,Higher Education,State Servant,88400.0,9.3,1,1,2,1,1
ACC-10460,Female,49,Separated,Own House,Secondary / Secondary Special,Working,66400.0,16.9,1,0,2,0,1
ACC-10461,Male,42,Single,Own House,Higher Education,Working,73400.0,9.7,2,0,0,0,1
ACC-10462,Male,64,Married,Own House,Higher Education,Working,66500.0,12.0,4,2,6,0,1
ACC-10463,Male,29,Single,Own House,Academic Degree,Commercial Associate,120000.0,7.0,4,0,2,0,1
ACC-10464,Male,57,Married,Own House,Secondary / Secondary Special,Working,79500.0,19.9,5,1,2,0,1
ACC-10465,Female,30,Married,Own House,Higher Education,Pensioner,50100.0,1.1,3,1,1,0,1
ACC-10466,Female,56,Married,Municipal Housing,Secondary / Secondary Special,Working,60400.0,13.6,3,0,1,0,1
ACC-10467,Male,57,Married,Own House,Secondary / Secondary Special,Pensioner,74800.0,32.8,2,0,0,1,1
ACC-10468,Female,48,Single,Own House,Secondary / Secondary Special,Commercial Associate,68600.0,21.3,2,1,0,0,1
ACC-10469,Male,48,Married,Own House,Higher Education,Working,90200.0,9.4,1,0,3,0,1
ACC-10470,Female,62,Single,With Parents,Secondary / Secondary Special,Working,62700.0,39.4,2,0,3,0,1
ACC-10471,Male,63,Married,Own House,Secondary / Secondary Special,Commercial Associate,75900.0,3.8,2,0,0,0,1
ACC-10472,Female,41,Married,Own House,Academic Degree,Commercial Associate,161700.0,20.2,2,0,2,0,1
ACC-10473,Male,44,Married,Rented Apartment,Secondary / Secondary Special,Commercial Associate,86700.0,6.3,2,0,2,0,1
ACC-10474,Female,62,Married,Own House,Higher Education,Working,55500.0,0.9,1,3,0,0,1
ACC-10475,Male,60,Married,Own House,Secondary / Secondary Special,Working,98600.0,17.6,2,1,1,0,1
ACC-10476,Female,22,Married,Own House,Secondary / Secondary Special,Pensioner,51000.0,1.0,1,2,1,0,0
ACC-10477,Male,28,Married,Own House,Higher Education,Working,81800.0,4.5,5,0,2,0,1
ACC-10478,Male,47,Married,Own House,Incomplete Higher,Working,94700.0,21.6,1,0,3,0,1
ACC-10479,Female,42,Married,Own House,Secondary / Secondary Special,Working,47900.0,18.6,2,2,0,0,1
ACC-10480,Male,57,Married,Own House,Higher Education,Commercial Associate,142700.0,15.1,4,1,1,0,1
ACC-10481,Male,47,Civil Union,Own House,Secondary / Secondary Special,Commercial Associate,82100.0,11.9,2,0,2,0,1
ACC-10482,Female,49,Civil Union,Own House,Secondary / Secondary Special,Working,87100.0,4.7,1,1,2,3,0
ACC-10483,Male,23,Married,With Parents,Secondary / Secondary Special,Working,132500.0,0.6,2,1,0,0,1
ACC-10484,Male,64,Married,Rented Apartment,Secondary / Secondary Special,Working,69000.0,28.4,1,2,1,1,1
ACC-10485,Male,33,Married,Rented Apartment,Secondary / Secondary Special,Working,62900.0,1.3,1,0,3,1,0
ACC-10486,Female,65,Separated,Own House,Secondary / Secondary Special,Working,41500.0,33.2,1,1,0,2,1
ACC-10487,Female,30,Married,Own House,Secondary / Secondary Special,Pensioner,42300.0,5.6,2,1,1,0,1
ACC-10488,Male,56,Married,Own House,Secondary / Secondary Special,Working,42200.0,7.5,3,4,2,1,0
ACC-10489,Male,29,Married,Own House,Secondary / Secondary Special,Working,60900.0,5.1,2,2,0,2,0
ACC-10490,Female,47,Married,Municipal Housing,Secondary / Secondary Special,State Servant,128700.0,5.3,2,0,3,0,1
ACC-10491,Male,54,Married,Own House,Incomplete Higher,Working,67600.0,15.2,1,1,0,0,1
ACC-10492,Female,21,Single,Own House,Higher Education,Commercial Associate,92800.0,0.9,2,2,0,3,0
ACC-10493,Female,52,Married,Own House,Secondary / Secondary Special,Working,60400.0,15.1,3,1,0,0,1
ACC-10494,Female,45,Single,Own House,Incomplete Higher,Working,55900.0,4.1,1,2,0,0,1
ACC-10495,Female,49,Married,Own House,Higher Education,Pensioner,93100.0,21.1,4,3,0,1,1
ACC-10496,Male,27,Married,Own House,Secondary / Secondary Special,Commercial Associate,78000.0,1.7,2,0,2,0,1
ACC-10497,Female,23,Civil Union,Own House,Secondary / Secondary Special,Working,100400.0,2.3,3,0,0,0,1
ACC-10498,Male,40,Married,With Parents,Higher Education,Commercial Associate,98000.0,9.8,2,2,4,0,1
ACC-10499,Male,40,Single,Own House,Secondary / Secondary Special,Pensioner,39500.0,9.3,2,0,1,0,1
ACC-10500,Male,50,Married,With Parents,Higher Education,Working,70300.0,25.6,3,0,1,1,1
ACC-10501,Female,55,Married,Rented Apartment,Higher Education,Working,81600.0,24.9,3,1,1,0,1
ACC-10502,Female,55,Separated,Own House,Higher Education,Pensioner,31900.0,1.6,1,2,2,1,0
ACC-10503,Male,59,Married,Rented Apartment,Academic Degree,Working,63100.0,11.9,5,0,1,0,1
ACC-10504,Male,47,Single,Own House,Secondary / Secondary Special,Commercial Associate,93700.0,23.6,1,1,0,0,1
ACC-10505,Female,46,Married,Municipal Housing,Secondary / Secondary Special,Commercial Associate,41600.0,1.0,1,0,3,0,0
ACC-10506,Male,34,Single,Own House,Higher Education,Commercial Associate,113900.0,7.9,2,0,1,0,1
ACC-10507,Male,37,Married,Own House,Secondary / Secondary Special,Working,54000.0,12.5,3,0,0,1,1
ACC-10508,Male,38,Married,Own House,Higher Education,Working,110700.0,11.4,5,0,1,0,1
ACC-10509,Male,65,Single,Own House,Incomplete Higher,Commercial Associate,42100.0,34.3,2,2,1,1,1
ACC-10510,Male,49,Civil Union,Municipal Housing,Higher Education,Working,103200.0,21.2,1,2,0,0,1
ACC-10511,Female,40,Civil Union,Own House,Secondary / Secondary Special,Working,72300.0,14.0,2,2,2,0,1
ACC-10512,Male,47,Single,Rented Apartment,Secondary / Secondary Special,Working,73000.0,22.3,2,0,2,0,1
ACC-10513,Male,38,Civil Union,Own House,Secondary / Secondary Special,Working,89700.0,11.8,2,1,2,1,1
ACC-10514,Female,24,Married,With Parents,Secondary / Secondary Special,Pensioner,46500.0,1.9,2,0,1,0,0
ACC-10515,Female,21,Married,Own House,Higher Education,Working,36100.0,0.7,1,0,4,0,0
ACC-10516,Female,21,Married,Own House,Higher Education,Pensioner,79900.0,0.9,2,1,0,0,1
ACC-10517,Male,46,Married,Own House,Higher Education,Working,97000.0,22.8,2,1,1,0,1
ACC-10518,Male,65,Married,Rented Apartment,Secondary / Secondary Special,Commercial Associate,74600.0,12.6,3,0,0,0,1
ACC-10519,Female,40,Married,Own House,Secondary / Secondary Special,Working,46500.0,7.2,2,0,2,0,0
ACC-10520,Male,43,Married,Own House,Higher Education,State Servant,82100.0,21.4,1,3,0,2,1
ACC-10521,Female,30,Single,Own House,Secondary / Secondary Special,State Servant,97100.0,6.0,1,1,0,0,1
ACC-10522,Male,31,Married,Rented Apartment,Secondary / Secondary Special,Working,44800.0,2.4,2,3,2,0,0
ACC-10523,Male,61,Married,Own House,Higher Education,Pensioner,31700.0,27.4,1,4,1,0,1
ACC-10524,Male,61,Married,Own House,Higher Education,Working,57700.0,40.6,3,1,0,0,1
ACC-10525,Female,25,Single,Own House,Secondary / Secondary Special,Commercial Associate,79200.0,4.2,5,0,1,0,1
ACC-10526,Female,21,Single,With Parents,Higher Education,Pensioner,106800.0,0.9,3,2,2,2,0
ACC-10527,Female,37,Single,With Parents,Secondary / Secondary Special,State Servant,113500.0,3.9,2,0,0,2,0
ACC-10528,Female,42,Married,Own House,Academic Degree,Pensioner,104300.0,19.3,2,0,0,0,1
ACC-10529,Male,54,Married,Own House,Secondary / Secondary Special,Working,43400.0,18.1,2,2,4,0,1
ACC-10530,Male,65,Married,Own House,Secondary / Secondary Special,Working,45700.0,40.1,4,1,1,1,1
ACC-10531,Male,61,Married,Own House,Higher Education,Working,109300.0,13.9,5,0,1,2,1
ACC-10532,Male,49,Married,Own House,Secondary / Secondary Special,Working,94300.0,2.3,2,1,2,0,0
ACC-10533,Male,24,Married,Rented Apartment,Higher Education,State Servant,75900.0,2.2,2,1,1,0,1
ACC-10534,Male,25,Married,Own House,Higher Education,Working,121300.0,1.7,3,0,0,2,1
ACC-10535,Male,31,Separated,With Parents,Higher Education,Commercial Associate,99900.0,8.0,1,0,0,0,1
ACC-10536,Male,41,Separated,Own House,Academic Degree,Working,125700.0,20.1,3,0,1,0,1
ACC-10537,Female,55,Married,Rented Apartment,Secondary / Secondary Special,Working,90200.0,24.3,3,0,3,2,1
ACC-10538,Female,32,Married,Own House,Higher Education,Commercial Associate,72400.0,10.7,1,2,0,1,1
ACC-10539,Female,46,Married,Own House,Secondary / Secondary Special,Working,74900.0,12.1,5,1,0,0,1
ACC-10540,Male,39,Married,Own House,Secondary / Secondary Special,State Servant,96400.0,14.8,5,1,3,0,1
ACC-10541,Male,65,Separated,Own House,Higher Education,Working,77700.0,38.0,4,0,0,0,1
ACC-10542,Female,27,Married,Own House,Secondary / Secondary Special,State Servant,41800.0,5.1,2,0,1,2,0
ACC-10543,Male,27,Single,Rented Apartment,Secondary / Secondary Special,Working,75900.0,3.8,1,0,0,4,0
ACC-10544,Male,46,Married,With Parents,Secondary / Secondary Special,Working,67900.0,16.5,2,0,1,1,1
ACC-10545,Female,60,Separated,Own House,Higher Education,Commercial Associate,97800.0,28.2,2,0,1,0,1
ACC-10546,Female,25,Married,Own House,Incomplete Higher,State Servant,65000.0,1.6,1,1,0,0,1
ACC-10547,Male,41,Single,Own House,Secondary / Secondary Special,Working,28300.0,17.1,2,0,1,0,1
ACC-10548,Female,34,Married,Own House,Secondary / Secondary Special,Working,73900.0,13.3,3,2,2,0,1
ACC-10549,Male,24,Single,Own House,Higher Education,Commercial Associate,140000.0,2.1,1,2,2,0,1
ACC-10550,Female,43,Married,Rented Apartment,Secondary / Secondary Special,Working,49300.0,16.3,2,1,1,0,1
ACC-10551,Male,62,Married,Municipal Housing,Secondary / Secondary Special,State Servant,46800.0,31.1,1,0,1,0,1
ACC-10552,Male,40,Civil Union,With Parents,Secondary / Secondary Special,State Servant,68800.0,13.4,3,2,1,2,0
ACC-10553,Male,35,Civil Union,Own House,Secondary / Secondary Special,Working,127600.0,8.4,2,3,1,0,1
ACC-10554,Male,65,Civil Union,With Parents,Secondary / Secondary Special,Working,89200.0,39.7,1,0,2,0,1
ACC-10555,Female,49,Single,Rented Apartment,Higher Education,State Servant,87900.0,13.3,5,1,2,0,1
ACC-10556,Female,28,Single,Own House,Secondary / Secondary Special,Working,65900.0,1.0,1,2,1,0,1
ACC-10557,Female,61,Married,Own House,Incomplete Higher,Commercial Associate,106400.0,34.7,2,1,0,0,1
ACC-10558,Male,39,Married,Rented Apartment,Higher Education,Working,70000.0,13.0,3,0,0,0,1
ACC-10559,Male,59,Married,Own House,Higher Education,Commercial Associate,118500.0,33.2,3,1,0,0,1
ACC-10560,Male,48,Single,Own House,Secondary / Secondary Special,Working,40400.0,4.3,1,1,3,0,0
ACC-10561,Female,47,Married,Own House,Secondary / Secondary Special,State Servant,85300.0,1.3,4,1,2,0,1
ACC-10562,Female,24,Married,Own House,Secondary / Secondary Special,Working,58500.0,3.8,4,3,1,1,0
ACC-10563,Female,35,Single,Own House,Higher Education,Working,94400.0,2.6,2,1,0,0,1
ACC-10564,Female,55,Single,With Parents,Secondary / Secondary Special,State Servant,57100.0,28.4,2,0,0,0,1
ACC-10565,Male,57,Married,Rented Apartment,Secondary / Secondary Special,Working,80400.0,30.5,1,1,3,0,1
ACC-10566,Female,21,Married,Own House,Secondary / Secondary Special,Working,61200.0,0.9,2,1,3,0,0
ACC-10567,Female,23,Married,Own House,Secondary / Secondary Special,Working,112500.0,0.8,2,0,0,1,0
ACC-10568,Male,44,Married,Own House,Secondary / Secondary Special,Working,96200.0,16.2,3,0,2,0,1
ACC-10569,Female,47,Married,Own House,Secondary / Secondary Special,Pensioner,18000.0,24.1,2,3,1,0,1
ACC-10570,Female,60,Single,Own House,Secondary / Secondary Special,Commercial Associate,84200.0,17.3,3,1,0,1,1
ACC-10571,Male,56,Single,Own House,Secondary / Secondary Special,Working,81200.0,15.2,1,0,2,0,1
ACC-10572,Female,54,Single,Own House,Secondary / Secondary Special,Commercial Associate,69900.0,15.3,1,0,1,0,1
ACC-10573,Male,49,Married,Own House,Higher Education,Commercial Associate,131700.0,2.8,1,1,2,0,1
ACC-10574,Male,44,Single,Own House,Secondary / Secondary Special,Pensioner,69100.0,21.5,1,1,0,0,1
ACC-10575,Male,44,Married,Own House,Secondary / Secondary Special,Working,63200.0,20.9,2,0,0,0,1
ACC-10576,Female,62,Married,Own House,Secondary / Secondary Special,Commercial Associate,101600.0,41.9,3,1,0,0,1
ACC-10577,Male,24,Single,Municipal Housing,Secondary / Secondary Special,Working,18000.0,2.5,2,0,0,1,0
ACC-10578,Female,23,Married,Own House,Incomplete Higher,Working,94900.0,2.4,2,0,1,0,1
ACC-10579,Female,54,Married,Rented Apartment,Secondary / Secondary Special,Working,84500.0,7.3,3,1,0,0,1
ACC-10580,Female,43,Civil Union,Own House,Higher Education,Working,66100.0,15.5,2,0,1,0,1
ACC-10581,Male,43,Married,Own House,Higher Education,Commercial Associate,110500.0,15.1,2,2,1,0,1
ACC-10582,Female,65,Single,Municipal Housing,Higher Education,Working,45400.0,40.6,2,0,2,1,1
ACC-10583,Female,25,Married,Own House,Secondary / Secondary Special,Pensioner,28200.0,4.2,3,1,1,0,1
ACC-10584,Male,51,Single,Own House,Secondary / Secondary Special,Working,89100.0,29.1,1,0,2,1,1
ACC-10585,Female,61,Married,Own House,Higher Education,Commercial Associate,104700.0,35.7,1,0,0,3,1
ACC-10586,Female,26,Married,Own House,Secondary / Secondary Special,Pensioner,43500.0,5.3,2,2,0,0,1
ACC-10587,Female,57,Single,Rented Apartment,Higher Education,Commercial Associate,106000.0,2.8,4,1,0,1,0
ACC-10588,Female,30,Married,Own House,Higher Education,State Servant,88400.0,8.5,2,1,0,0,1
ACC-10589,Female,60,Married,Own House,Higher Education,State Servant,111700.0,24.5,3,1,0,0,1
ACC-10590,Female,27,Married,Own House,Secondary / Secondary Special,Working,51400.0,3.0,3,1,0,0,1
ACC-10591,Male,59,Married,Own House,Higher Education,Commercial Associate,114200.0,2.7,2,2,1,0,1
ACC-10592,Female,58,Married,With Parents,Higher Education,Working,64800.0,25.9,3,1,6,4,0
ACC-10593,Female,41,Married,Rented Apartment,Higher Education,Commercial Associate,121300.0,7.2,3,1,0,0,1
ACC-10594,Male,40,Civil Union,Own House,Secondary / Secondary Special,Working,57900.0,9.6,1,2,2,0,1
ACC-10595,Female,23,Married,Own House,Secondary / Secondary Special,Commercial Associate,79100.0,2.2,2,3,0,0,1
ACC-10596,Male,42,Married,Rented Apartment,Secondary / Secondary Special,Commercial Associate,72000.0,20.1,1,0,2,0,1
ACC-10597,Female,24,Married,Own House,Secondary / Secondary Special,Working,59800.0,3.4,2,1,1,0,1
ACC-10598,Female,48,Married,Own House,Secondary / Secondary Special,Working,42900.0,12.9,4,0,3,1,0
ACC-10599,Female,32,Civil Union,Own House,Higher Education,Pensioner,77200.0,5.0,2,0,0,0,1
ACC-10600,Female,58,Married,Own House,Secondary / Secondary Special,Working,77200.0,9.5,2,1,0,2,0
ACC-10601,Female,56,Separated,Rented Apartment,Higher Education,Working,60700.0,13.7,4,2,0,1,1
ACC-10602,Female,61,Married,Municipal Housing,Secondary / Secondary Special,Working,51900.0,5.0,2,1,1,0,0
ACC-10603,Female,25,Single,Own House,Secondary / Secondary Special,Pensioner,45700.0,4.9,2,1,3,0,1
ACC-10604,Female,33,Married,Own House,Secondary / Secondary Special,Pensioner,31800.0,7.7,4,0,2,0,1
ACC-10605,Female,43,Civil Union,Own House,Secondary / Secondary Special,Commercial Associate,75100.0,3.4,2,1,2,1,0
ACC-10606,Female,50,Married,Own House,Higher Education,State Servant,125600.0,10.9,3,3,1,0,1
ACC-10607,Female,57,Married,Own House,Secondary / Secondary Special,Working,42600.0,20.5,1,0,3,0,1
ACC-10608,Female,45,Married,Rented Apartment,Higher Education,Pensioner,19100.0,13.6,1,0,1,0,1
ACC-10609,Male,47,Married,Own House,Secondary / Secondary Special,Working,51800.0,1.4,2,1,0,0,1
ACC-10610,Female,34,Civil Union,Own House,Incomplete Higher,Working,57800.0,13.3,2,1,3,0,1
ACC-10611,Male,56,Married,Own House,Secondary / Secondary Special,Working,54200.0,10.3,5,1,0,0,1
ACC-10612,Male,59,Married,Own House,Secondary / Secondary Special,Commercial Associate,85900.0,1.1,5,1,0,0,1
ACC-10613,Female,36,Single,Own House,Secondary / Secondary Special,State Servant,42400.0,1.7,4,1,0,0,1
ACC-10614,Male,42,Married,Rented Apartment,Secondary / Secondary Special,Working,39100.0,13.0,2,0,1,0,1
ACC-10615,Male,41,Separated,Own House,Secondary / Secondary Special,Pensioner,30200.0,3.3,5,2,1,0,0
ACC-10616,Female,41,Single,Rented Apartment,Higher Education,Working,75600.0,1.4,3,0,0,1,0
ACC-10617,Female,28,Single,Own House,Higher Education,Working,136700.0,3.3,2,0,2,0,1
ACC-10618,Male,36,Civil Union,Own House,Higher Education,Working,124200.0,10.2,3,1,2,0,1
ACC-10619,Male,51,Married,Own House,Secondary / Secondary Special,Commercial Associate,43300.0,3.9,1,2,4,0,0
ACC-10620,Female,62,Married,Own House,Secondary / Secondary Special,State Servant,22500.0,13.5,1,2,1,0,1
ACC-10621,Female,30,Married,Own House,Secondary / Secondary Special,Working,63100.0,4.5,3,1,2,0,0
ACC-10622,Female,52,Married,Own House,Academic Degree,Commercial Associate,167100.0,5.5,2,0,2,0,1
ACC-10623,Female,54,Single,Rented Apartment,Higher Education,Working,104700.0,17.5,2,0,0,1,1
ACC-10624,Male,29,Civil Union,Rented Apartment,Higher Education,Commercial Associate,104300.0,1.2,2,0,0,0,1
ACC-10625,Female,37,Married,Own House,Higher Education,Pensioner,60000.0,1.3,4,2,1,0,1
ACC-10626,Female,31,Married,Own House,Secondary / Secondary Special,Working,88700.0,6.0,2,2,0,2,0
ACC-10627,Male,52,Separated,Own House,Secondary / Secondary Special,State Servant,68900.0,8.3,2,3,0,0,1
ACC-10628,Female,30,Married,Own House,Secondary / Secondary Special,Commercial Associate,118100.0,1.4,1,0,1,0,1
ACC-10629,Female,42,Married,Own House,Secondary / Secondary Special,Working,27900.0,9.6,2,1,0,0,1
ACC-10630,Male,37,Married,With Parents,Secondary / Secondary Special,Pensioner,54300.0,15.6,5,1,0,2,1
ACC-10631,Male,24,Civil Union,Own House,Secondary / Secondary Special,Working,52600.0,3.0,2,1,1,0,1
ACC-10632,Female,45,Married,Own House,Higher Education,Working,99100.0,20.5,2,1,2,0,1
ACC-10633,Female,41,Single,Own House,Higher Education,Working,95500.0,18.4,2,2,3,0,1
ACC-10634,Female,57,Single,Own House,Higher Education,Working,101200.0,36.0,4,0,1,1,1
ACC-10635,Female,58,Married,Own House,Incomplete Higher,State Servant,86500.0,29.1,2,0,1,0,1
ACC-10636,Female,21,Married,Own House,Secondary / Secondary Special,Commercial Associate,110600.0,0.8,3,0,1,0,1
ACC-10637,Female,45,Single,Own House,Secondary / Secondary Special,Pensioner,87900.0,9.5,2,0,0,0,1
ACC-10638,Female,56,Married,Own House,Higher Education,Working,90300.0,6.9,1,0,0,0,1
ACC-10639,Female,37,Single,Own House,Secondary / Secondary Special,Working,53100.0,11.8,4,0,2,0,1
ACC-10640,Female,61,Separated,Rented Apartment,Secondary / Secondary Special,Working,38000.0,40.8,4,0,1,1,1
ACC-10641,Female,44,Single,Own House,Secondary / Secondary Special,Working,74600.0,11.5,4,1,2,0,1
ACC-10642,Female,22,Single,Own House,Secondary / Secondary Special,Pensioner,63400.0,1.6,4,2,2,0,0
ACC-10643,Female,60,Single,Rented Apartment,Secondary / Secondary Special,Commercial Associate,50300.0,20.1,3,2,0,0,1
ACC-10644,Female,35,Single,Own House,Secondary / Secondary Special,Working,90200.0,6.8,3,0,1,0,1
ACC-10645,Male,52,Married,Own House,Secondary / Secondary Special,State Servant,62800.0,13.4,3,0,1,0,1
ACC-10646,Male,59,Married,Own House,Higher Education,State Servant,62400.0,19.9,2,0,1,4,0
ACC-10647,Male,26,Married,Own House,Secondary / Secondary Special,Working,46300.0,2.5,1,4,1,0,0
ACC-10648,Male,21,Single,Own House,Secondary / Secondary Special,State Servant,44200.0,0.9,2,1,5,0,0
ACC-10649,Female,43,Married,With Parents,Secondary / Secondary Special,Working,44600.0,20.2,5,0,2,0,1
ACC-10650,Female,59,Single,Municipal Housing,Secondary / Secondary Special,Working,77500.0,34.5,2,2,3,0,1
ACC-10651,Female,37,Married,Own House,Higher Education,Working,109000.0,4.3,4,0,0,0,1
ACC-10652,Male,54,Single,Own House,Higher Education,Working,127400.0,30.5,1,2,0,0,1
ACC-10653,Male,61,Married,Own House,Higher Education,Working,74600.0,14.3,2,0,0,0,1
ACC-10654,Female,49,Single,Own House,Secondary / Secondary Special,Working,72500.0,9.3,2,0,0,0,1
ACC-10655,Female,29,Married,Own House,Secondary / Secondary Special,Working,50800.0,6.7,1,1,1,0,1
ACC-10656,Female,33,Married,Own House,Secondary / Secondary Special,Commercial Associate,80400.0,4.3,1,2,1,0,1
ACC-10657,Female,26,Married,With Parents,Secondary / Secondary Special,Pensioner,18000.0,0.8,1,2,1,1,0
ACC-10658,Male,26,Single,Own House,Secondary / Secondary Special,State Servant,40300.0,2.6,3,1,3,0,0
ACC-10659,Male,40,Married,Own House,Secondary / Secondary Special,Working,82700.0,14.6,1,0,4,2,0
ACC-10660,Female,23,Married,Own House,Secondary / Secondary Special,Working,32400.0,1.3,2,1,0,0,0
ACC-10661,Male,37,Separated,Rented Apartment,Higher Education,Working,103500.0,10.9,1,4,3,0,1
ACC-10662,Male,32,Single,Rented Apartment,Secondary / Secondary Special,Working,50100.0,8.1,3,1,1,3,0
ACC-10663,Female,65,Separated,Own House,Higher Education,Commercial Associate,62600.0,33.2,2,2,1,0,1
ACC-10664,Female,21,Married,Own House,Secondary / Secondary Special,Commercial Associate,24200.0,0.9,2,1,2,0,0
ACC-10665,Female,37,Married,Rented Apartment,Secondary / Secondary Special,Commercial Associate,112200.0,7.6,2,1,0,0,1
ACC-10666,Female,23,Civil Union,Own House,Incomplete Higher,Commercial Associate,38100.0,0.9,1,1,3,1,0
ACC-10667,Female,46,Married,With Parents,Incomplete Higher,Working,63600.0,8.6,3,1,2,0,0
ACC-10668,Female,35,Single,Own House,Secondary / Secondary Special,Working,72800.0,6.8,3,2,3,0,0
ACC-10669,Female,56,Married,Own House,Secondary / Secondary Special,Commercial Associate,51100.0,25.8,1,1,6,0,1
ACC-10670,Female,52,Married,Own House,Secondary / Secondary Special,Working,52800.0,0.9,2,1,1,1,0
ACC-10671,Male,52,Married,Rented Apartment,Secondary / Secondary Special,Working,75500.0,10.4,1,0,0,0,1
ACC-10672,Female,24,Married,Own House,Higher Education,Working,96500.0,3.2,1,0,0,0,1
ACC-10673,Female,38,Married,With Parents,Incomplete Higher,Working,54900.0,12.2,3,3,0,0,1
ACC-10674,Female,39,Married,Own House,Higher Education,Working,95200.0,14.0,2,0,0,1,1
ACC-10675,Male,63,Separated,Own House,Secondary / Secondary Special,State Servant,62800.0,35.0,1,2,2,0,1
ACC-10676,Female,55,Married,Own House,Higher Education,State Servant,68700.0,27.5,2,1,0,0,1
ACC-10677,Female,60,Single,Own House,Secondary / Secondary Special,Working,91400.0,27.4,5,2,5,1,1
ACC-10678,Male,34,Single,Own House,Higher Education,Working,94600.0,6.4,3,3,2,0,1
ACC-10679,Male,53,Married,Own House,Higher Education,Commercial Associate,64500.0,32.5,4,1,0,0,1
ACC-10680,Male,34,Married,Rented Apartment,Secondary / Secondary Special,Working,76500.0,8.2,2,2,1,3,0
ACC-10681,Female,54,Single,Own House,Secondary / Secondary Special,Working,51500.0,7.3,2,0,1,1,0
ACC-10682,Female,24,Single,Municipal Housing,Secondary / Secondary Special,Working,58600.0,1.5,2,1,1,0,0
ACC-10683,Male,44,Single,Own House,Secondary / Secondary Special,Working,65200.0,16.8,1,2,1,0,1
ACC-10684,Male,49,Single,Rented Apartment,Higher Education,State Servant,72600.0,26.9,2,0,0,0,1
ACC-10685,Male,39,Separated,Own House,Secondary / Secondary Special,State Servant,104700.0,3.8,2,1,2,2,0
ACC-10686,Male,26,Married,Own House,Secondary / Secondary Special,Working,32100.0,1.0,2,2,1,4,0
ACC-10687,Female,53,Married,Own House,Secondary / Secondary Special,Working,66200.0,29.1,3,2,2,0,1
ACC-10688,Male,60,Single,Own House,Higher Education,Working,98400.0,36.7,1,0,2,0,1
ACC-10689,Female,39,Married,With Parents,Secondary / Secondary Special,Working,65900.0,5.6,2,1,0,1,0
ACC-10690,Female,21,Civil Union,Own House,Higher Education,Pensioner,65800.0,0.7,1,0,0,0,1
ACC-10691,Female,25,Married,Own House,Higher Education,Commercial Associate,96700.0,3.5,2,1,2,0,1
ACC-10692,Female,47,Married,With Parents,Incomplete Higher,Commercial Associate,62300.0,9.2,1,1,5,0,0
ACC-10693,Female,36,Single,Own House,Secondary / Secondary Special,Commercial Associate,61900.0,14.1,2,1,1,0,1
ACC-10694,Female,26,Single,Rented Apartment,Secondary / Secondary Special,State Servant,90500.0,1.1,2,1,0,2,0
ACC-10695,Male,60,Married,Own House,Secondary / Secondary Special,State Servant,55300.0,2.0,2,0,0,2,0
ACC-10696,Female,33,Married,Rented Apartment,Secondary / Secondary Special,Working,111900.0,3.1,2,0,0,0,1
ACC-10697,Male,55,Single,Own House,Secondary / Secondary Special,Working,79700.0,10.4,2,0,0,0,1
ACC-10698,Female,39,Married,Own House,Higher Education,Commercial Associate,46300.0,2.6,2,1,1,0,1
ACC-10699,Female,32,Civil Union,Own House,Secondary / Secondary Special,Working,84400.0,1.3,2,2,2,1,0
ACC-10700,Female,36,Married,With Parents,Higher Education,Pensioner,68800.0,12.2,2,0,0,0,1
ACC-10701,Female,63,Single,Own House,Secondary / Secondary Special,Commercial Associate,49400.0,7.5,3,0,0,0,1
ACC-10702,Female,30,Single,Own House,Higher Education,Pensioner,98700.0,9.2,2,1,1,0,1
ACC-10703,Female,45,Married,Own House,Higher Education,Working,80400.0,9.5,2,1,3,0,1
ACC-10704,Female,40,Married,With Parents,Higher Education,State Servant,78500.0,13.6,4,0,1,0,1
ACC-10705,Male,51,Married,Rented Apartment,Higher Education,Working,98300.0,7.4,3,0,4,4,0
ACC-10706,Female,24,Single,Municipal Housing,Higher Education,Pensioner,95100.0,1.3,5,0,1,0,1
ACC-10707,Male,64,Married,Own House,Incomplete Higher,Working,67500.0,25.5,3,0,0,0,1
ACC-10708,Female,43,Single,Own House,Secondary / Secondary Special,Working,65900.0,13.1,2,0,0,0,1
ACC-10709,Male,22,Married,Own House,Secondary / Secondary Special,State Servant,49700.0,1.7,2,0,2,0,0
ACC-10710,Male,42,Married,Rented Apartment,Secondary / Secondary Special,Working,89800.0,16.8,3,1,1,0,1
ACC-10711,Male,57,Married,Own House,Secondary / Secondary Special,Working,67700.0,25.0,5,1,1,0,1
ACC-10712,Female,28,Married,Own House,Secondary / Secondary Special,Pensioner,40000.0,3.9,2,0,2,1,0
ACC-10713,Female,27,Married,Rented Apartment,Secondary / Secondary Special,Working,57300.0,6.3,4,1,2,0,1
ACC-10714,Female,34,Single,Own House,Secondary / Secondary Special,Commercial Associate,102600.0,8.9,2,1,0,0,1
ACC-10715,Male,23,Single,Own House,Secondary / Secondary Special,Working,59200.0,3.0,2,3,2,0,0
ACC-10716,Male,36,Married,Own House,Secondary / Secondary Special,State Servant,87600.0,13.2,4,0,1,1,1
ACC-10717,Male,39,Separated,Own House,Higher Education,Commercial Associate,94600.0,1.3,3,1,1,0,1
ACC-10718,Female,38,Single,Rented Apartment,Secondary / Secondary Special,Working,80900.0,6.1,5,1,1,1,0
ACC-10719,Male,36,Civil Union,Own House,Higher Education,Working,94600.0,9.4,3,0,1,0,1
ACC-10720,Male,28,Married,Own House,Secondary / Secondary Special,Commercial Associate,59100.0,5.9,2,3,0,0,1
ACC-10721,Female,53,Married,Own House,Higher Education,Working,88100.0,18.4,2,1,1,0,1
ACC-10722,Female,32,Married,Own House,Higher Education,Working,41800.0,9.5,4,1,0,4,0
ACC-10723,Male,31,Single,Own House,Higher Education,Commercial Associate,88600.0,3.5,2,0,1,0,1
ACC-10724,Male,25,Married,Own House,Higher Education,Working,55300.0,1.3,2,0,0,0,1
ACC-10725,Male,47,Married,Own House,Secondary / Secondary Special,Working,108900.0,1.9,2,1,0,0,1
ACC-10726,Female,32,Married,Own House,Academic Degree,Commercial Associate,90500.0,7.1,2,0,0,0,1
ACC-10727,Male,37,Married,Own House,Higher Education,Working,146900.0,11.9,1,1,1,0,1
ACC-10728,Female,26,Single,Own House,Higher Education,Working,101300.0,2.3,3,0,3,0,1
ACC-10729,Female,53,Married,Rented Apartment,Higher Education,Working,78600.0,20.4,1,1,0,0,1
ACC-10730,Female,25,Married,Rented Apartment,Secondary / Secondary Special,Commercial Associate,97700.0,0.7,2,1,1,0,1
ACC-10731,Male,48,Single,Rented Apartment,Higher Education,Commercial Associate,90800.0,3.2,3,0,0,0,1
ACC-10732,Male,34,Separated,Own House,Secondary / Secondary Special,Commercial Associate,49000.0,10.0,2,1,2,0,1
ACC-10733,Female,25,Single,Own House,Secondary / Secondary Special,Working,66700.0,2.2,3,1,0,0,1
ACC-10734,Female,53,Civil Union,Own House,Secondary / Secondary Special,Working,80400.0,22.3,2,0,0,0,1
ACC-10735,Male,61,Single,Own House,Incomplete Higher,Working,93100.0,34.2,5,0,0,0,1
ACC-10736,Female,39,Single,Own House,Secondary / Secondary Special,Working,76000.0,16.3,1,0,6,0,1
ACC-10737,Male,42,Married,Own House,Secondary / Secondary Special,Pensioner,33400.0,4.2,1,0,1,0,0
ACC-10738,Female,25,Single,Municipal Housing,Secondary / Secondary Special,Working,95500.0,2.7,4,3,0,0,1
ACC-10739,Female,22,Single,Own House,Higher Education,Working,115600.0,1.6,3,1,0,0,1
ACC-10740,Female,50,Single,Own House,Higher Education,Working,95900.0,23.3,1,0,0,0,1
ACC-10741,Female,59,Married,Rented Apartment,Secondary / Secondary Special,Commercial Associate,106600.0,30.7,5,0,0,0,1
ACC-10742,Male,24,Married,Own House,Secondary / Secondary Special,Commercial Associate,128100.0,1.3,2,0,2,0,1
ACC-10743,Female,53,Married,Rented Apartment,Higher Education,Commercial Associate,93000.0,6.8,5,1,1,0,1
ACC-10744,Female,33,Married,Rented Apartment,Academic Degree,State Servant,90200.0,7.9,2,0,1,0,1
ACC-10745,Male,40,Married,With Parents,Higher Education,Working,77400.0,15.0,2,1,0,0,1
ACC-10746,Female,27,Single,Own House,Secondary / Secondary Special,Working,35300.0,2.6,2,0,1,0,1
ACC-10747,Female,35,Married,Rented Apartment,Higher Education,Working,103000.0,2.0,2,2,0,1,0
ACC-10748,Male,43,Married,Own House,Secondary / Secondary Special,Commercial Associate,44600.0,16.6,2,0,0,0,1
ACC-10749,Male,34,Married,Own House,Secondary / Secondary Special,Commercial Associate,107800.0,4.5,2,1,2,3,0
ACC-10750,Female,43,Single,Own House,Secondary / Secondary Special,Commercial Associate,65200.0,4.2,1,1,0,0,1
ACC-10751,Male,39,Married,Own House,Secondary / Secondary Special,Commercial Associate,109900.0,3.2,2,1,1,1,0
ACC-10752,Male,49,Married,Own House,Higher Education,Commercial Associate,48700.0,9.5,1,2,3,0,0
ACC-10753,Female,40,Married,Own House,Secondary / Secondary Special,State Servant,56500.0,12.1,4,1,0,1,1
ACC-10754,Female,49,Married,Rented Apartment,Secondary / Secondary Special,Commercial Associate,51600.0,10.7,2,1,3,0,1
ACC-10755,Male,44,Civil Union,Rented Apartment,Secondary / Secondary Special,State Servant,94800.0,1.0,3,1,0,0,1
ACC-10756,Male,38,Civil Union,Rented Apartment,Secondary / Secondary Special,Working,101900.0,2.2,5,3,0,0,1
ACC-10757,Female,30,Married,Own House,Secondary / Secondary Special,Commercial Associate,28400.0,3.3,2,1,1,4,0
ACC-10758,Male,61,Married,Rented Apartment,Secondary / Secondary Special,Pensioner,64000.0,27.2,5,3,1,4,0
ACC-10759,Male,28,Single,Own House,Secondary / Secondary Special,Working,88500.0,1.2,2,0,0,0,1
ACC-10760,Female,46,Married,With Parents,Higher Education,State Servant,97200.0,14.8,1,1,2,0,1
ACC-10761,Female,49,Married,With Parents,Higher Education,Commercial Associate,117900.0,3.9,2,3,5,0,0
ACC-10762,Female,30,Married,Own House,Higher Education,Working,101400.0,2.5,2,0,0,0,1
ACC-10763,Male,37,Civil Union,Rented Apartment,Secondary / Secondary Special,Commercial Associate,99100.0,3.3,4,3,3,0,0
ACC-10764,Female,22,Married,Own House,Higher Education,Working,66000.0,0.6,2,0,1,4,0
ACC-10765,Male,26,Married,Own House,Incomplete Higher,Pensioner,71400.0,4.2,2,3,4,0,0
ACC-10766,Male,25,Single,Own House,Higher Education,State Servant,94600.0,2.6,3,1,0,0,1
ACC-10767,Male,48,Married,Own House,Higher Education,Working,93300.0,23.4,2,0,2,0,1
ACC-10768,Female,61,Married,Rented Apartment,Secondary / Secondary Special,Working,77500.0,4.5,1,2,0,0,1
ACC-10769,Male,25,Separated,Own House,Academic Degree,Commercial Associate,97000.0,1.2,2,0,3,0,1
ACC-10770,Female,38,Married,Own House,Secondary / Secondary Special,Working,30800.0,5.9,4,0,2,0,0
ACC-10771,Male,46,Single,Own House,Secondary / Secondary Special,Working,62300.0,20.0,3,0,1,0,1
ACC-10772,Female,40,Married,Rented Apartment,Secondary / Secondary Special,Commercial Associate,114000.0,6.5,2,1,0,0,1
ACC-10773,Female,61,Married,With Parents,Secondary / Secondary Special,Working,38900.0,17.0,2,4,2,0,1
ACC-10774,Male,47,Married,Rented Apartment,Incomplete Higher,Working,68900.0,8.5,1,0,1,0,1
ACC-10775,Female,32,Married,Rented Apartment,Secondary / Secondary Special,State Servant,49200.0,1.4,2,1,1,2,0
ACC-10776,Female,27,Married,Own House,Secondary / Secondary Special,Pensioner,26300.0,6.6,3,0,1,0,1
ACC-10777,Male,23,Single,Own House,Higher Education,Commercial Associate,116000.0,1.9,2,1,2,1,0
ACC-10778,Male,30,Married,Own House,Secondary / Secondary Special,State Servant,81700.0,8.0,1,0,0,0,1
ACC-10779,Male,54,Married,Own House,Secondary / Secondary Special,Working,47700.0,22.6,4,0,0,0,1
ACC-10780,Male,45,Married,Rented Apartment,Higher Education,Working,120500.0,13.1,3,0,3,0,1
ACC-10781,Female,55,Single,Own House,Higher Education,Working,99300.0,3.6,2,1,1,0,1
ACC-10782,Female,36,Married,Rented Apartment,Secondary / Secondary Special,Commercial Associate,74700.0,10.5,1,2,0,1,1
ACC-10783,Female,22,Married,Own House,Higher Education,Pensioner,77600.0,0.7,1,1,0,0,0
ACC-10784,Female,44,Married,Own House,Secondary / Secondary Special,Commercial Associate,124800.0,10.2,1,0,3,0,1
ACC-10785,Male,30,Married,Own House,Secondary / Secondary Special,State Servant,81600.0,6.5,2,1,0,0,1
ACC-10786,Male,58,Married,Rented Apartment,Secondary / Secondary Special,Commercial Associate,64600.0,29.8,1,2,1,0,1
ACC-10787,Female,42,Single,Rented Apartment,Secondary / Secondary Special,Working,64600.0,15.2,3,0,3,0,1
ACC-10788,Female,46,Married,With Parents,Higher Education,Working,92900.0,17.6,5,0,0,0,1
ACC-10789,Male,63,Married,Own House,Higher Education,Working,104600.0,6.8,2,0,2,0,1
ACC-10790,Female,59,Married,Municipal Housing,Secondary / Secondary Special,Working,70300.0,13.8,2,1,1,0,1
ACC-10791,Male,47,Single,Own House,Secondary / Secondary Special,Commercial Associate,121700.0,1.6,3,1,2,0,1
ACC-10792,Female,49,Married,Own House,Higher Education,Working,85000.0,21.0,4,1,1,0,1
ACC-10793,Male,58,Married,Municipal Housing,Secondary / Secondary Special,Commercial Associate,41900.0,36.2,4,0,2,0,1
ACC-10794,Female,40,Married,Own House,Secondary / Secondary Special,Commercial Associate,84700.0,5.7,1,0,0,0,1
ACC-10795,Male,47,Married,Rented Apartment,Incomplete Higher,Working,55300.0,2.8,1,3,0,0,1
ACC-10796,Male,61,Married,Own House,Higher Education,Working,56900.0,19.8,3,0,4,0,1
ACC-10797,Male,40,Married,Own House,Academic Degree,Working,94500.0,17.2,3,3,0,0,1
ACC-10798,Male,64,Married,With Parents,Secondary / Secondary Special,Working,57100.0,24.5,1,1,2,3,0
ACC-10799,Male,39,Married,Own House,Higher Education,State Servant,115100.0,1.4,2,0,0,0,1
ACC-10800,Male,40,Married,Rented Apartment,Secondary / Secondary Special,Working,32400.0,19.5,3,1,1,0,1
ACC-10801,Female,55,Married,Own House,Secondary / Secondary Special,Commercial Associate,87700.0,29.1,1,3,2,1,1
ACC-10802,Male,22,Married,Own House,Secondary / Secondary Special,State Servant,113900.0,0.7,4,1,0,0,1
ACC-10803,Male,50,Single,Own House,Secondary / Secondary Special,State Servant,61200.0,27.7,1,2,3,0,1
ACC-10804,Female,54,Separated,Own House,Secondary / Secondary Special,State Servant,60500.0,15.6,3,0,1,0,1
ACC-10805,Male,42,Separated,Own House,Secondary / Secondary Special,Working,80800.0,8.5,2,1,1,1,1
ACC-10806,Male,23,Civil Union,Own House,Secondary / Secondary Special,Working,76500.0,1.7,2,2,2,1,0
ACC-10807,Male,26,Single,With Parents,Higher Education,Working,121200.0,5.1,3,3,0,0,1
ACC-10808,Female,35,Single,Own House,Secondary / Secondary Special,Working,61300.0,10.1,3,1,0,0,1
ACC-10809,Female,47,Married,Own House,Secondary / Secondary Special,Pensioner,60400.0,2.1,4,1,2,0,0
ACC-10810,Male,30,Single,Own House,Secondary / Secondary Special,Commercial Associate,95800.0,9.6,2,0,0,0,1
ACC-10811,Male,29,Married,Own House,Secondary / Secondary Special,Working,57600.0,1.8,3,0,0,0,1
ACC-10812,Female,53,Married,Rented Apartment,Higher Education,Working,87500.0,24.7,2,0,2,0,1
ACC-10813,Male,52,Single,Municipal Housing,Secondary / Secondary Special,Working,64800.0,20.5,2,0,2,0,1
ACC-10814,Male,26,Married,Own House,Higher Education,Commercial Associate,77800.0,1.5,4,0,1,1,0
ACC-10815,Female,61,Married,With Parents,Secondary / Secondary Special,Commercial Associate,71400.0,7.4,1,0,1,0,1
ACC-10816,Male,56,Civil Union,Own House,Secondary / Secondary Special,State Servant,97900.0,31.4,2,3,2,0,1
ACC-10817,Female,22,Married,Own House,Higher Education,Pensioner,92800.0,1.1,2,1,1,1,1
ACC-10818,Female,49,Married,Rented Apartment,Higher Education,Working,77200.0,19.2,1,1,1,2,1
ACC-10819,Female,24,Civil Union,Own House,Secondary / Secondary Special,Working,64700.0,2.3,4,4,6,0,0
ACC-10820,Male,21,Single,Rented Apartment,Higher Education,Working,111400.0,0.9,2,0,0,0,1
ACC-10821,Female,39,Married,With Parents,Secondary / Secondary Special,Working,74800.0,9.4,2,1,1,0,1
ACC-10822,Female,46,Married,Own House,Higher Education,Pensioner,87600.0,7.8,3,1,3,1,1
ACC-10823,Female,45,Married,With Parents,Higher Education,Commercial Associate,116800.0,9.4,2,0,2,0,1
ACC-10824,Female,30,Single,Rented Apartment,Higher Education,Commercial Associate,109700.0,8.7,2,1,3,0,1
ACC-10825,Male,35,Married,Own House,Academic Degree,Working,106400.0,7.3,1,0,0,0,1
ACC-10826,Female,42,Married,Own House,Secondary / Secondary Special,Working,38700.0,5.1,2,0,0,0,1
ACC-10827,Female,41,Married,Own House,Higher Education,Working,105200.0,19.7,1,0,3,1,1
ACC-10828,Male,42,Married,Municipal Housing,Secondary / Secondary Special,Commercial Associate,75100.0,17.6,3,3,1,0,1
ACC-10829,Female,56,Separated,Rented Apartment,Secondary / Secondary Special,Commercial Associate,43700.0,2.5,2,1,2,0,0
ACC-10830,Female,54,Married,Own House,Secondary / Secondary Special,Working,53000.0,34.0,2,1,0,0,1
ACC-10831,Female,50,Single,Own House,Secondary / Secondary Special,Commercial Associate,98800.0,21.0,2,1,2,0,1
ACC-10832,Female,45,Married,Own House,Higher Education,State Servant,47800.0,4.4,1,0,1,0,1
ACC-10833,Female,65,Single,Own House,Secondary / Secondary Special,Working,42400.0,11.1,4,1,0,1,1
ACC-10834,Female,48,Civil Union,Own House,Secondary / Secondary Special,Commercial Associate,83000.0,19.5,1,1,1,3,0
ACC-10835,Female,21,Married,Own House,Secondary / Secondary Special,Working,95900.0,0.9,4,0,2,0,1
ACC-10836,Male,65,Married,Own House,Secondary / Secondary Special,Commercial Associate,102000.0,11.1,2,1,0,0,1
ACC-10837,Female,24,Single,Own House,Incomplete Higher,Commercial Associate,113000.0,1.4,2,0,1,4,0
ACC-10838,Male,27,Single,Own House,Secondary / Secondary Special,Pensioner,49600.0,2.5,2,0,1,0,0
ACC-10839,Male,29,Married,Own House,Higher Education,Working,85400.0,5.6,5,2,0,2,0
ACC-10840,Female,56,Civil Union,Rented Apartment,Higher Education,Working,108600.0,6.6,2,1,2,0,1
ACC-10841,Male,39,Single,Own House,Higher Education,Working,70200.0,2.4,2,1,0,0,1
ACC-10842,Female,21,Civil Union,Own House,Secondary / Secondary Special,Working,43500.0,0.8,5,1,0,0,1
ACC-10843,Male,30,Single,Own House,Higher Education,Commercial Associate,79600.0,7.9,4,0,1,1,1
ACC-10844,Female,56,Married,Own House,Secondary / Secondary Special,Pensioner,69000.0,18.3,2,1,2,2,1
ACC-10845,Female,29,Married,Own House,Higher Education,Working,71600.0,3.6,5,1,4,0,0
ACC-10846,Female,65,Married,Own House,Secondary / Secondary Special,Working,87000.0,19.7,3,1,0,0,1
ACC-10847,Male,62,Civil Union,Own House,Secondary / Secondary Special,Working,68300.0,16.6,1,3,1,0,1
ACC-10848,Female,52,Single,Rented Apartment,Secondary / Secondary Special,Working,89200.0,30.7,2,3,0,0,1
ACC-10849,Male,52,Single,Rented Apartment,Higher Education,Working,65700.0,24.7,2,1,2,0,1
ACC-10850,Female,26,Married,Rented Apartment,Secondary / Secondary Special,Working,51200.0,1.6,2,2,1,0,0
ACC-10851,Male,58,Married,Rented Apartment,Secondary / Secondary Special,Commercial Associate,90000.0,14.9,3,1,2,0,1
ACC-10852,Female,37,Single,Rented Apartment,Secondary / Secondary Special,Working,55500.0,9.5,2,1,0,0,1
ACC-10853,Male,30,Married,Own House,Higher Education,Commercial Associate,50100.0,6.3,1,0,3,0,1
ACC-10854,Female,47,Married,Own House,Higher Education,State Servant,59800.0,12.9,4,1,1,0,1
ACC-10855,Female,55,Single,Own House,Secondary / Secondary Special,Working,40500.0,28.4,2,3,4,0,1
ACC-10856,Female,41,Married,Own House,Higher Education,Commercial Associate,82100.0,16.2,5,2,0,2,1
ACC-10857,Female,45,Married,Rented Apartment,Secondary / Secondary Special,Commercial Associate,95000.0,12.9,5,2,1,0,1
ACC-10858,Male,48,Married,Own House,Secondary / Secondary Special,Commercial Associate,87400.0,24.0,4,0,2,0,1
ACC-10859,Female,35,Married,Own House,Higher Education,Working,93600.0,11.4,3,0,1,0,1
ACC-10860,Male,24,Separated,Own House,Secondary / Secondary Special,Working,109200.0,3.2,1,0,0,2,0
ACC-10861,Female,49,Married,Own House,Secondary / Secondary Special,State Servant,90900.0,27.8,2,0,5,0,1
ACC-10862,Female,29,Married,Rented Apartment,Secondary / Secondary Special,Commercial Associate,97600.0,2.8,1,1,0,0,1
ACC-10863,Female,47,Married,With Parents,Secondary / Secondary Special,Working,32100.0,7.6,2,0,0,2,0
ACC-10864,Female,46,Single,Own House,Secondary / Secondary Special,Working,66300.0,23.2,2,1,1,0,1
ACC-10865,Male,39,Married,Rented Apartment,Secondary / Secondary Special,Working,71600.0,14.8,1,1,1,0,1
ACC-10866,Female,48,Married,Own House,Secondary / Secondary Special,Working,55900.0,26.0,5,0,2,0,1
ACC-10867,Female,37,Married,With Parents,Secondary / Secondary Special,Commercial Associate,117500.0,1.5,4,0,1,1,1
ACC-10868,Male,63,Married,Own House,Secondary / Secondary Special,Working,66100.0,27.2,2,2,1,0,1
ACC-10869,Male,61,Married,Own House,Secondary / Secondary Special,Working,38000.0,6.4,2,0,1,0,1
ACC-10870,Female,62,Single,Own House,Secondary / Secondary Special,Commercial Associate,58100.0,21.4,2,0,1,0,1
ACC-10871,Female,40,Civil Union,Rented Apartment,Higher Education,Working,140200.0,3.5,4,2,3,0,1
ACC-10872,Male,65,Married,Municipal Housing,Secondary / Secondary Special,Commercial Associate,70800.0,6.2,3,4,3,3,0
ACC-10873,Female,60,Married,Own House,Higher Education,Commercial Associate,59300.0,1.0,2,1,1,0,1
ACC-10874,Female,59,Civil Union,Own House,Higher Education,Working,76800.0,24.8,2,0,0,0,1
ACC-10875,Female,43,Married,With Parents,Higher Education,Commercial Associate,64800.0,8.6,2,0,3,3,0
ACC-10876,Male,52,Single,Own House,Secondary / Secondary Special,Commercial Associate,100200.0,3.8,5,4,0,0,1
ACC-10877,Male,53,Married,Own House,Secondary / Secondary Special,Working,22000.0,11.0,1,2,0,0,1
ACC-10878,Female,25,Civil Union,Own House,Secondary / Secondary Special,Working,34200.0,1.3,1,1,0,0,1
ACC-10879,Female,63,Single,Own House,Higher Education,Commercial Associate,105100.0,40.5,4,0,0,0,1
ACC-10880,Female,54,Separated,Rented Apartment,Secondary / Secondary Special,Pensioner,69400.0,11.2,4,0,2,0,1
ACC-10881,Male,60,Single,Rented Apartment,Higher Education,Commercial Associate,103500.0,13.7,4,0,1,0,1
ACC-10882,Female,31,Married,Own House,Higher Education,Working,62300.0,9.3,2,1,4,0,1
ACC-10883,Female,23,Civil Union,Own House,Secondary / Secondary Special,Commercial Associate,84000.0,2.1,3,0,0,0,1
ACC-10884,Male,53,Married,Rented Apartment,Secondary / Secondary Special,Working,54700.0,23.6,2,4,1,0,1
ACC-10885,Female,31,Married,Own House,Higher Education,Commercial Associate,129900.0,7.2,1,0,5,0,1
ACC-10886,Male,36,Single,With Parents,Secondary / Secondary Special,Commercial Associate,98800.0,15.2,2,1,2,0,1
ACC-10887,Female,38,Single,Own House,Secondary / Secondary Special,Working,53200.0,4.1,1,0,2,0,1
ACC-10888,Female,50,Civil Union,Own House,Higher Education,State Servant,107200.0,29.7,2,1,0,0,1
ACC-10889,Female,30,Married,With Parents,Secondary / Secondary Special,Commercial Associate,86000.0,8.4,4,0,2,3,0
ACC-10890,Male,38,Single,Rented Apartment,Incomplete Higher,Commercial Associate,110100.0,10.8,2,2,0,2,1
ACC-10891,Male,58,Single,Own House,Higher Education,Working,106200.0,25.3,4,1,1,0,1
ACC-10892,Male,39,Married,Rented Apartment,Higher Education,State Servant,102000.0,12.5,2,0,1,4,0
ACC-10893,Female,56,Married,Own House,Secondary / Secondary Special,Pensioner,74200.0,2.6,2,2,1,4,0
ACC-10894,Male,33,Married,Own House,Secondary / Secondary Special,Working,65300.0,3.2,2,1,2,0,0
ACC-10895,Female,23,Married,Municipal Housing,Secondary / Secondary Special,Working,48000.0,2.9,3,3,2,0,0
ACC-10896,Female,30,Separated,Rented Apartment,Secondary / Secondary Special,Working,69400.0,5.6,2,3,0,3,0
ACC-10897,Male,58,Single,Own House,Secondary / Secondary Special,Commercial Associate,72200.0,14.7,4,3,1,0,1
ACC-10898,Female,21,Single,Own House,Secondary / Secondary Special,Commercial Associate,93300.0,0.9,1,0,2,0,1
ACC-10899,Female,47,Separated,Own House,Secondary / Secondary Special,Working,66400.0,14.4,4,0,0,0,1
ACC-10900,Female,28,Married,Own House,Secondary / Secondary Special,State Servant,73900.0,0.6,1,4,0,0,0
ACC-10901,Female,62,Single,Own House,Higher Education,Working,63500.0,31.1,4,1,0,0,1
ACC-10902,Female,37,Married,Rented Apartment,Secondary / Secondary Special,State Servant,76200.0,12.6,2,0,1,0,1
ACC-10903,Male,29,Civil Union,Own House,Secondary / Secondary Special,Working,36700.0,1.9,3,2,5,0,0
ACC-10904,Female,26,Married,Rented Apartment,Higher Education,Working,111200.0,5.8,3,0,0,0,1
ACC-10905,Male,63,Separated,Own House,Incomplete Higher,Working,86200.0,10.0,1,1,1,2,0
ACC-10906,Male,45,Married,Own House,Secondary / Secondary Special,Working,72700.0,11.7,4,2,2,0,1
ACC-10907,Female,59,Married,Own House,Secondary / Secondary Special,Commercial Associate,86800.0,4.9,1,2,0,0,1
ACC-10908,Female,48,Single,Own House,Secondary / Secondary Special,Commercial Associate,75100.0,17.1,1,0,3,0,1
ACC-10909,Female,53,Married,Own House,Higher Education,Working,76700.0,12.7,3,1,1,0,1
ACC-10910,Male,57,Single,Municipal Housing,Higher Education,Working,89700.0,13.4,1,1,3,4,0
ACC-10911,Female,29,Married,Own House,Higher Education,Working,133600.0,7.5,1,1,0,0,1
ACC-10912,Male,38,Single,With Parents,Secondary / Secondary Special,Commercial Associate,85000.0,0.7,2,0,0,0,1
ACC-10913,Female,41,Married,Own House,Secondary / Secondary Special,Commercial Associate,50400.0,16.9,3,1,0,0,1
ACC-10914,Male,22,Married,Municipal Housing,Secondary / Secondary Special,Working,27400.0,1.4,1,1,0,0,0
ACC-10915,Female,63,Married,Own House,Higher Education,Commercial Associate,73400.0,42.4,2,1,3,0,1
ACC-10916,Female,58,Married,With Parents,Higher Education,Working,81700.0,22.6,3,2,0,0,1
ACC-10917,Male,60,Married,Own House,Incomplete Higher,Pensioner,72800.0,2.7,4,1,1,0,1
ACC-10918,Male,56,Married,Rented Apartment,Secondary / Secondary Special,Pensioner,22500.0,2.3,4,0,0,0,0
ACC-10919,Female,63,Married,With Parents,Secondary / Secondary Special,Commercial Associate,111300.0,38.0,3,1,2,2,1
ACC-10920,Male,57,Married,Own House,Secondary / Secondary Special,Pensioner,48900.0,31.2,3,2,2,0,1
ACC-10921,Female,35,Single,Own House,Higher Education,State Servant,100600.0,5.5,2,0,1,0,1
ACC-10922,Male,48,Civil Union,Own House,Higher Education,State Servant,100000.0,17.5,1,1,0,1,1
ACC-10923,Male,38,Married,With Parents,Secondary / Secondary Special,Commercial Associate,93000.0,9.1,3,0,1,1,1
ACC-10924,Female,54,Single,Own House,Secondary / Secondary Special,Working,55900.0,32.9,5,0,0,0,1
ACC-10925,Female,42,Single,Own House,Secondary / Secondary Special,Working,18000.0,20.9,3,3,0,3,0
ACC-10926,Female,31,Married,Own House,Secondary / Secondary Special,Working,52100.0,10.8,1,3,1,0,1
ACC-10927,Female,33,Single,Own House,Higher Education,Commercial Associate,85500.0,11.3,2,1,6,0,1
ACC-10928,Male,24,Married,Rented Apartment,Secondary / Secondary Special,Working,71800.0,3.7,2,1,3,0,0
ACC-10929,Female,42,Married,Own House,Higher Education,Working,94800.0,5.2,3,2,1,0,1
ACC-10930,Female,27,Married,Own House,Secondary / Secondary Special,Working,59000.0,5.9,3,3,1,0,1
ACC-10931,Male,63,Single,With Parents,Higher Education,Working,128600.0,30.6,2,1,6,0,1
ACC-10932,Male,44,Single,Own House,Secondary / Secondary Special,Commercial Associate,65900.0,23.1,1,1,1,0,1
ACC-10933,Female,24,Married,Rented Apartment,Higher Education,Pensioner,21000.0,2.5,4,1,1,1,0
ACC-10934,Female,48,Married,Own House,Secondary / Secondary Special,Commercial Associate,82600.0,2.8,3,0,3,0,0
ACC-10935,Female,35,Separated,Own House,Secondary / Secondary Special,Commercial Associate,106200.0,9.2,1,1,0,0,1
ACC-10936,Female,21,Married,Own House,Secondary / Secondary Special,Commercial Associate,86300.0,0.8,2,2,0,0,1
ACC-10937,Male,23,Married,Rented Apartment,Secondary / Secondary Special,Working,57200.0,1.1,4,2,1,0,0
ACC-10938,Female,34,Civil Union,Own House,Secondary / Secondary Special,Working,70300.0,5.8,4,2,0,1,1
ACC-10939,Male,58,Single,Own House,Secondary / Secondary Special,State Servant,105500.0,22.9,2,0,1,0,1
ACC-10940,Female,21,Single,Own House,Incomplete Higher,Working,45700.0,0.7,1,1,1,0,0
ACC-10941,Male,58,Single,Own House,Secondary / Secondary Special,Working,65700.0,14.6,1,0,1,0,1
ACC-10942,Male,58,Civil Union,Rented Apartment,Higher Education,Commercial Associate,119700.0,5.5,2,0,6,0,0
ACC-10943,Male,41,Married,Own House,Academic Degree,Working,115600.0,19.8,2,3,0,0,1
ACC-10944,Female,49,Married,Rented Apartment,Secondary / Secondary Special,Working,59500.0,21.9,2,1,1,0,1
ACC-10945,Female,25,Married,Own House,Higher Education,Working,80600.0,0.5,2,2,0,0,1
ACC-10946,Female,30,Separated,Rented Apartment,Secondary / Secondary Special,Working,58700.0,7.8,3,0,1,2,0
ACC-10947,Male,48,Single,Own House,Secondary / Secondary Special,Working,76700.0,20.8,1,1,2,0,1
ACC-10948,Male,41,Married,Own House,Secondary / Secondary Special,Working,75400.0,0.7,1,1,1,3,0
ACC-10949,Male,27,Civil Union,Own House,Incomplete Higher,Commercial Associate,126100.0,2.9,2,0,0,0,1
ACC-10950,Male,23,Married,Rented Apartment,Secondary / Secondary Special,State Servant,31200.0,2.0,1,0,1,0,0
ACC-10951,Male,65,Married,Own House,Secondary / Secondary Special,Working,103700.0,20.6,1,0,1,0,1
ACC-10952,Female,40,Married,With Parents,Secondary / Secondary Special,State Servant,60500.0,15.7,2,1,0,0,1
ACC-10953,Male,39,Married,With Parents,Higher Education,Working,88000.0,8.4,3,4,1,1,0
ACC-10954,Female,55,Civil Union,Own House,Secondary / Secondary Special,Working,83900.0,5.8,3,2,1,1,1
ACC-10955,Female,24,Married,Own House,Higher Education,Working,108800.0,3.9,3,4,5,0,0
ACC-10956,Female,25,Single,Own House,Higher Education,Commercial Associate,130400.0,1.6,3,2,3,0,1
ACC-10957,Female,21,Married,Own House,Higher Education,Working,120200.0,0.9,3,2,2,2,0
ACC-10958,Female,24,Married,Rented Apartment,Incomplete Higher,Commercial Associate,79100.0,1.0,2,1,3,0,0
ACC-10959,Male,32,Separated,Rented Apartment,Higher Education,Commercial Associate,135500.0,4.3,5,1,2,1,0
ACC-10960,Female,47,Married,Own House,Secondary / Secondary Special,Commercial Associate,66200.0,12.2,1,1,3,2,0
ACC-10961,Male,62,Married,Own House,Secondary / Secondary Special,Commercial Associate,73300.0,8.5,1,2,0,0,1
ACC-10962,Female,43,Married,Own House,Secondary / Secondary Special,Pensioner,41000.0,10.6,2,0,1,1,1
ACC-10963,Female,45,Single,Own House,Secondary / Secondary Special,Working,53400.0,4.4,5,0,2,0,0
ACC-10964,Female,41,Married,Rented Apartment,Secondary / Secondary Special,Working,66300.0,12.0,5,3,1,0,1
ACC-10965,Female,44,Married,Own House,Secondary / Secondary Special,Commercial Associate,99700.0,16.1,3,0,0,0,1
ACC-10966,Male,45,Married,Rented Apartment,Secondary / Secondary Special,Commercial Associate,94300.0,2.0,2,4,0,0,1
ACC-10967,Female,65,Married,Own House,Incomplete Higher,Working,51500.0,39.3,2,1,0,0,1
ACC-10968,Male,52,Single,Own House,Secondary / Secondary Special,Working,49700.0,6.3,5,0,0,1,1
ACC-10969,Female,52,Married,Own House,Incomplete Higher,Working,46200.0,7.6,3,1,0,0,1
ACC-10970,Male,25,Married,Own House,Secondary / Secondary Special,Working,67000.0,3.5,4,2,1,0,0
ACC-10971,Male,56,Married,Own House,Higher Education,Working,55200.0,17.1,2,0,3,0,1
ACC-10972,Male,62,Married,Rented Apartment,Higher Education,Pensioner,50400.0,21.2,2,2,2,0,1
ACC-10973,Female,62,Civil Union,With Parents,Secondary / Secondary Special,Commercial Associate,69900.0,5.8,4,2,3,0,1
ACC-10974,Female,59,Married,Own House,Secondary / Secondary Special,Working,88200.0,31.5,1,0,3,0,1
ACC-10975,Female,36,Separated,Own House,Secondary / Secondary Special,Commercial Associate,77100.0,10.1,4,0,1,0,1
ACC-10976,Male,53,Married,Own House,Secondary / Secondary Special,State Servant,87100.0,4.9,2,0,0,0,1
ACC-10977,Female,41,Married,With Parents,Incomplete Higher,Working,69100.0,8.2,4,0,0,2,0
ACC-10978,Female,29,Civil Union,Own House,Higher Education,Working,79600.0,7.4,2,0,4,0,1
ACC-10979,Male,26,Married,With Parents,Secondary / Secondary Special,Commercial Associate,70500.0,3.6,3,1,0,0,1
ACC-10980,Female,65,Single,Own House,Secondary / Secondary Special,State Servant,39300.0,5.3,2,0,2,3,0
ACC-10981,Male,55,Separated,Own House,Secondary / Secondary Special,Working,117900.0,13.4,2,2,1,1,1
ACC-10982,Female,59,Married,With Parents,Secondary / Secondary Special,Pensioner,69400.0,9.8,2,0,4,0,0
ACC-10983,Female,42,Married,Own House,Higher Education,Working,103300.0,11.6,5,1,1,0,1
ACC-10984,Male,61,Single,Own House,Secondary / Secondary Special,Working,36300.0,34.7,3,1,2,1,1
ACC-10985,Female,25,Married,Own House,Secondary / Secondary Special,Working,55100.0,2.5,2,2,0,0,1
ACC-10986,Male,62,Married,Own House,Secondary / Secondary Special,Working,43500.0,18.5,4,1,0,1,1
ACC-10987,Female,43,Married,Own House,Secondary / Secondary Special,State Servant,67800.0,20.9,2,0,1,0,1
ACC-10988,Female,37,Married,Rented Apartment,Higher Education,Pensioner,49600.0,10.0,2,2,6,0,0
ACC-10989,Male,32,Single,Rented Apartment,Secondary / Secondary Special,Working,50300.0,7.0,1,0,1,0,1
ACC-10990,Male,43,Married,Own House,Incomplete Higher,Pensioner,25200.0,6.4,4,0,4,0,0
ACC-10991,Male,36,Married,With Parents,Higher Education,State Servant,84700.0,9.9,2,1,2,0,1
ACC-10992,Female,23,Single,Own House,Secondary / Secondary Special,Working,66600.0,1.9,2,2,2,0,0
ACC-10993,Male,50,Married,Own House,Secondary / Secondary Special,Commercial Associate,75300.0,12.2,4,0,1,0,1
ACC-10994,Female,42,Married,Own House,Higher Education,Working,123700.0,21.8,3,1,1,3,1
ACC-10995,Female,29,Single,Own House,Higher Education,Commercial Associate,122800.0,8.0,1,1,0,0,1
ACC-10996,Male,49,Married,Own House,Higher Education,Working,72800.0,21.9,3,3,4,0,1
ACC-10997,Female,57,Single,Municipal Housing,Secondary / Secondary Special,Commercial Associate,87200.0,20.1,4,0,4,1,1
ACC-10998,Male,43,Civil Union,Own House,Academic Degree,Working,94600.0,10.9,1,0,2,0,1
ACC-10999,Female,33,Married,Own House,Secondary / Secondary Special,State Servant,56300.0,2.8,3,1,0,0,1
ACC-11000,Female,52,Married,Own House,Higher Education,State Servant,100500.0,10.1,2,0,0,0,1
ACC-11001,Female,43,Married,Rented Apartment,Higher Education,Working,104600.0,17.9,3,1,5,0,1
ACC-11002,Male,65,Married,With Parents,Secondary / Secondary Special,Working,52100.0,20.7,2,1,0,0,1
ACC-11003,Male,37,Civil Union,Own House,Higher Education,Working,65700.0,15.1,3,2,3,2,0
ACC-11004,Male,60,Civil Union,Own House,Secondary / Secondary Special,Commercial Associate,81900.0,6.3,1,2,1,0,1
ACC-11005,Male,41,Married,Own House,Incomplete Higher,Working,74600.0,10.9,3,3,1,0,1
ACC-11006,Male,22,Single,Own House,Secondary / Secondary Special,Commercial Associate,66000.0,1.5,1,1,3,0,0
ACC-11007,Male,57,Civil Union,Own House,Incomplete Higher,Working,83000.0,19.4,2,4,0,0,1
ACC-11008,Female,26,Separated,Own House,Secondary / Secondary Special,Working,79100.0,5.4,1,0,1,1,0
ACC-11009,Female,64,Married,Own House,Higher Education,Working,75600.0,43.5,3,1,4,0,1
ACC-11010,Female,38,Married,Own House,Secondary / Secondary Special,Working,89900.0,2.5,2,1,2,0,0
ACC-11011,Male,50,Married,Own House,Secondary / Secondary Special,State Servant,90500.0,4.3,2,2,2,0,1
ACC-11012,Male,42,Separated,With Parents,Secondary / Secondary Special,Pensioner,90500.0,3.3,2,1,2,0,1
ACC-11013,Female,53,Married,With Parents,Higher Education,Working,127700.0,22.6,3,2,0,0,1
ACC-11014,Male,50,Married,Own House,Secondary / Secondary Special,Working,45100.0,11.5,2,3,0,0,1
ACC-11015,Male,37,Married,Own House,Secondary / Secondary Special,Working,85300.0,12.6,3,1,1,0,1
ACC-11016,Female,63,Married,Own House,Secondary / Secondary Special,Commercial Associate,99400.0,17.7,1,2,1,2,0
ACC-11017,Male,52,Married,Own House,Incomplete Higher,Working,57300.0,20.3,1,0,1,0,1
ACC-11018,Male,62,Separated,Rented Apartment,Secondary / Secondary Special,Commercial Associate,90000.0,32.4,2,0,2,0,1
ACC-11019,Female,34,Married,Own House,Secondary / Secondary Special,Pensioner,18000.0,7.9,4,4,0,0,0
ACC-11020,Male,30,Married,With Parents,Secondary / Secondary Special,Working,23100.0,5.6,1,1,2,0,0
ACC-11021,Female,56,Married,With Parents,Secondary / Secondary Special,Commercial Associate,42300.0,3.6,1,1,0,0,1
ACC-11022,Male,54,Married,Own House,Secondary / Secondary Special,Working,73600.0,14.3,1,0,0,1,1
ACC-11023,Male,29,Married,Own House,Secondary / Secondary Special,Working,74600.0,5.1,2,0,1,0,1
ACC-11024,Male,62,Married,Own House,Higher Education,Working,84000.0,19.7,2,0,3,0,1
ACC-11025,Female,48,Married,Own House,Higher Education,Working,127900.0,25.3,3,1,0,3,1
ACC-11026,Male,31,Married,Own House,Secondary / Secondary Special,Working,86700.0,10.0,1,0,1,0,1
ACC-11027,Male,34,Married,Own House,Secondary / Secondary Special,Working,29800.0,11.6,1,0,2,0,1
ACC-11028,Female,59,Married,With Parents,Higher Education,Working,86200.0,14.9,2,1,0,0,1
ACC-11029,Male,39,Separated,Own House,Secondary / Secondary Special,Working,44300.0,13.8,2,1,1,0,1
ACC-11030,Female,35,Separated,Own House,Higher Education,Commercial Associate,114100.0,6.2,3,0,3,0,1
ACC-11031,Male,48,Married,Own House,Secondary / Secondary Special,Pensioner,44300.0,6.9,1,1,1,0,1
ACC-11032,Female,44,Married,Rented Apartment,Secondary / Secondary Special,Working,45600.0,8.6,4,3,0,0,0
ACC-11033,Female,28,Civil Union,Own House,Secondary / Secondary Special,Working,102300.0,1.0,2,1,1,0,1
ACC-11034,Female,63,Married,With Parents,Higher Education,Working,91300.0,14.6,3,2,1,1,1
ACC-11035,Male,29,Single,Own House,Secondary / Secondary Special,State Servant,55800.0,4.4,2,3,0,0,1
ACC-11036,Female,53,Separated,Own House,Secondary / Secondary Special,Commercial Associate,74400.0,31.6,1,0,0,0,1
ACC-11037,Male,53,Married,Own House,Secondary / Secondary Special,Working,100600.0,10.7,3,0,0,0,1
ACC-11038,Female,39,Married,Own House,Higher Education,Working,110000.0,17.2,3,1,0,0,1
ACC-11039,Female,23,Separated,Rented Apartment,Higher Education,Working,86400.0,1.1,2,1,0,0,1
ACC-11040,Female,30,Married,Own House,Secondary / Secondary Special,Working,43200.0,2.3,2,1,1,0,1
ACC-11041,Male,60,Married,Rented Apartment,Secondary / Secondary Special,Pensioner,26600.0,21.0,2,0,1,0,1
ACC-11042,Female,62,Married,Own House,Incomplete Higher,State Servant,54400.0,28.4,3,1,3,0,1
ACC-11043,Male,21,Married,Own House,Secondary / Secondary Special,Working,76200.0,0.5,2,0,1,1,0
ACC-11044,Male,49,Single,Own House,Secondary / Secondary Special,Working,81600.0,6.8,3,3,3,0,1
ACC-11045,Male,54,Single,Own House,Secondary / Secondary Special,Working,49000.0,15.8,1,0,1,3,0
ACC-11046,Female,33,Separated,Rented Apartment,Higher Education,Working,107600.0,4.6,1,3,0,1,1
ACC-11047,Female,21,Married,Rented Apartment,Secondary / Secondary Special,State Servant,45000.0,0.9,2,0,1,0,0
ACC-11048,Male,54,Married,Own House,Higher Education,Commercial Associate,91500.0,17.6,1,0,2,0,1
ACC-11049,Female,49,Married,Own House,Secondary / Secondary Special,Working,33100.0,5.1,2,0,0,0,1
ACC-11050,Male,33,Married,Own House,Secondary / Secondary Special,Working,32500.0,11.7,1,4,0,0,1
ACC-11051,Female,49,Married,Own House,Higher Education,State Servant,69800.0,8.8,3,0,0,0,1
ACC-11052,Male,59,Separated,Own House,Secondary / Secondary Special,Commercial Associate,79400.0,28.6,1,1,1,0,1
ACC-11053,Male,44,Single,Own House,Secondary / Secondary Special,Working,43100.0,18.8,3,2,0,0,1
ACC-11054,Male,46,Married,Own House,Higher Education,Working,123000.0,25.1,2,1,0,0,1
ACC-11055,Female,37,Single,Own House,Higher Education,Working,69500.0,8.7,5,0,0,2,1
ACC-11056,Male,27,Married,Own House,Higher Education,Pensioner,74000.0,4.5,5,3,2,0,1
ACC-11057,Female,33,Married,Own House,Incomplete Higher,Commercial Associate,109000.0,4.7,4,2,1,0,1
ACC-11058,Female,25,Single,Own House,Higher Education,Working,92000.0,3.6,3,1,1,0,1
ACC-11059,Male,46,Married,Own House,Secondary / Secondary Special,Commercial Associate,72000.0,12.3,2,1,1,1,1
ACC-11060,Male,23,Separated,Municipal Housing,Secondary / Secondary Special,State Servant,68200.0,1.6,3,3,1,0,0
ACC-11061,Male,27,Single,Own House,Higher Education,Working,77600.0,6.1,5,4,0,1,0
ACC-11062,Male,59,Married,Own House,Secondary / Secondary Special,Working,43000.0,2.4,1,1,1,1,0
ACC-11063,Female,21,Single,Own House,Higher Education,Commercial Associate,118500.0,0.9,2,2,0,1,1
ACC-11064,Female,37,Married,Own House,Higher Education,Commercial Associate,92200.0,14.6,1,0,1,0,1
ACC-11065,Male,63,Married,Rented Apartment,Secondary / Secondary Special,Commercial Associate,100600.0,22.0,2,0,1,0,1
ACC-11066,Female,45,Married,Own House,Higher Education,State Servant,107500.0,12.5,2,0,0,0,1
ACC-11067,Female,23,Married,With Parents,Secondary / Secondary Special,Working,68700.0,1.4,2,0,0,0,1
ACC-11068,Female,35,Single,With Parents,Secondary / Secondary Special,Working,86400.0,14.9,2,1,0,0,1
ACC-11069,Female,49,Married,Own House,Academic Degree,Pensioner,78000.0,3.7,5,1,0,0,1
ACC-11070,Female,63,Single,Own House,Secondary / Secondary Special,Working,82200.0,25.6,2,0,0,0,1
ACC-11071,Female,52,Married,Rented Apartment,Secondary / Secondary Special,Commercial Associate,97100.0,22.0,3,1,5,0,1
ACC-11072,Female,46,Married,Own House,Secondary / Secondary Special,Commercial Associate,73400.0,24.3,2,0,1,0,1
ACC-11073,Female,36,Single,Own House,Higher Education,Commercial Associate,95500.0,12.6,2,4,1,0,1
ACC-11074,Male,45,Married,Own House,Higher Education,Working,97200.0,16.3,2,2,2,1,1
ACC-11075,Female,48,Married,Own House,Higher Education,Commercial Associate,148300.0,3.7,2,0,1,0,1
ACC-11076,Female,29,Married,Own House,Higher Education,State Servant,84900.0,3.7,2,3,4,0,1
ACC-11077,Male,21,Married,Own House,Secondary / Secondary Special,Commercial Associate,70100.0,0.6,2,0,3,0,0
ACC-11078,Female,49,Married,With Parents,Higher Education,Working,115900.0,25.6,2,1,2,4,0
ACC-11079,Male,42,Single,Own House,Higher Education,Working,91500.0,16.6,2,3,4,1,1
ACC-11080,Male,36,Married,Rented Apartment,Secondary / Secondary Special,Working,84100.0,12.2,2,0,0,0,1
ACC-11081,Female,61,Married,Own House,Secondary / Secondary Special,Working,97400.0,26.9,2,1,1,0,1
ACC-11082,Female,64,Separated,Own House,Incomplete Higher,Working,23000.0,22.6,2,0,3,0,1
ACC-11083,Male,61,Married,Own House,Higher Education,Pensioner,69200.0,6.6,1,0,1,0,1
ACC-11084,Male,27,Civil Union,Own House,Higher Education,State Servant,84900.0,2.6,2,1,5,1,0
ACC-11085,Female,34,Married,Own House,Higher Education,Commercial Associate,83800.0,2.3,1,4,0,0,1
ACC-11086,Male,49,Married,Own House,Secondary / Secondary Special,Working,22800.0,21.2,1,1,1,0,1
ACC-11087,Female,39,Civil Union,Rented Apartment,Higher Education,Working,55000.0,3.5,1,3,5,0,0
ACC-11088,Male,39,Single,Own House,Secondary / Secondary Special,Pensioner,47300.0,13.5,1,3,1,1,0
ACC-11089,Female,22,Single,Own House,Secondary / Secondary Special,Working,53300.0,1.5,1,0,2,0,1
ACC-11090,Male,61,Married,Rented Apartment,Higher Education,Working,72400.0,19.1,3,1,0,1,1
ACC-11091,Male,65,Married,Rented Apartment,Secondary / Secondary Special,Working,67100.0,6.5,1,1,2,0,1
ACC-11092,Male,35,Married,Own House,Higher Education,State Servant,74800.0,5.1,2,1,4,0,1
ACC-11093,Female,23,Married,Own House,Secondary / Secondary Special,State Servant,93400.0,1.3,4,0,1,0,1
ACC-11094,Female,31,Civil Union,With Parents,Secondary / Secondary Special,Working,51300.0,7.9,3,4,0,0,0
ACC-11095,Female,50,Married,Own House,Secondary / Secondary Special,State Servant,98100.0,3.9,2,2,0,2,0
ACC-11096,Female,60,Separated,Own House,Secondary / Secondary Special,Working,64300.0,33.2,4,1,3,1,1
ACC-11097,Female,38,Separated,Own House,Secondary / Secondary Special,Working,50700.0,13.8,2,1,2,0,1
ACC-11098,Male,22,Married,Rented Apartment,Secondary / Secondary Special,State Servant,49100.0,0.8,1,0,0,0,1
ACC-11099,Female,52,Married,Own House,Incomplete Higher,State Servant,98300.0,23.2,5,1,0,0,1
ACC-11100,Female,28,Civil Union,Municipal Housing,Secondary / Secondary Special,Commercial Associate,95300.0,5.5,4,3,2,0,0
ACC-11101,Male,42,Separated,Own House,Secondary / Secondary Special,Commercial Associate,63300.0,16.6,2,2,2,0,1
ACC-11102,Male,26,Married,Rented Apartment,Secondary / Secondary Special,State Servant,67600.0,1.5,3,0,0,0,1
ACC-11103,Male,32,Married,Own House,Higher Education,State Servant,38100.0,2.3,3,1,0,1,1
ACC-11104,Male,60,Married,Own House,Secondary / Secondary Special,State Servant,35700.0,9.8,1,1,2,0,1
ACC-11105,Female,56,Single,With Parents,Higher Education,Commercial Associate,88500.0,13.5,1,0,1,0,1
ACC-11106,Female,35,Married,Own House,Higher Education,Pensioner,53000.0,12.0,2,0,4,1,1
ACC-11107,Male,48,Single,Own House,Secondary / Secondary Special,Pensioner,71700.0,20.8,4,1,1,0,1
ACC-11108,Male,65,Married,Own House,Secondary / Secondary Special,Working,22900.0,41.7,1,1,2,0,1
ACC-11109,Female,38,Married,Own House,Incomplete Higher,State Servant,33600.0,1.5,3,0,1,0,0
ACC-11110,Male,22,Married,Own House,Higher Education,Working,100000.0,0.5,1,0,4,0,0
ACC-11111,Female,33,Married,Rented Apartment,Higher Education,Working,95100.0,9.2,2,0,1,1,1
ACC-11112,Female,65,Married,Own House,Secondary / Secondary Special,Commercial Associate,72300.0,12.9,2,0,0,1,1
ACC-11113,Female,35,Married,Own House,Secondary / Secondary Special,Working,110200.0,5.3,3,1,0,0,1
ACC-11114,Male,40,Married,Own House,Secondary / Secondary Special,Working,78600.0,11.2,1,0,3,0,1
ACC-11115,Male,49,Married,Own House,Secondary / Secondary Special,State Servant,91900.0,3.4,2,0,1,0,1
ACC-11116,Female,62,Married,Rented Apartment,Secondary / Secondary Special,Working,63900.0,27.2,2,2,1,0,1
ACC-11117,Male,49,Separated,Own House,Higher Education,Working,78000.0,9.8,1,0,1,1,1
ACC-11118,Female,23,Married,Own House,Secondary / Secondary Special,Pensioner,33300.0,2.1,1,1,0,3,0
ACC-11119,Female,39,Married,With Parents,Higher Education,Working,110400.0,15.9,3,3,0,0,1
ACC-11120,Male,23,Married,Own House,Higher Education,Working,107000.0,0.9,2,1,0,1,1
ACC-11121,Male,34,Separated,With Parents,Secondary / Secondary Special,Working,60200.0,13.1,1,1,1,0,1
ACC-11122,Male,60,Married,With Parents,Higher Education,Working,100400.0,21.5,2,1,2,0,1
ACC-11123,Male,24,Single,Rented Apartment,Secondary / Secondary Special,Commercial Associate,101200.0,3.7,4,0,2,0,1
ACC-11124,Male,31,Single,Own House,Higher Education,State Servant,77600.0,2.7,1,1,4,1,0
ACC-11125,Male,51,Single,Rented Apartment,Secondary / Secondary Special,Working,57400.0,18.9,2,1,1,0,1
ACC-11126,Female,63,Married,Rented Apartment,Secondary / Secondary Special,State Servant,74800.0,17.7,1,0,2,2,0
ACC-11127,Female,52,Single,Own House,Higher Education,Commercial Associate,65600.0,24.9,1,1,0,0,1
ACC-11128,Female,47,Married,Own House,Secondary / Secondary Special,Working,75200.0,16.6,1,3,0,0,1
ACC-11129,Female,50,Single,Own House,Higher Education,Commercial Associate,80200.0,15.1,2,0,0,0,1
ACC-11130,Male,63,Single,Own House,Secondary / Secondary Special,Commercial Associate,100700.0,39.3,3,1,1,1,1
ACC-11131,Female,22,Married,Own House,Secondary / Secondary Special,Commercial Associate,127300.0,1.1,2,1,0,0,1
ACC-11132,Female,29,Single,Own House,Secondary / Secondary Special,Working,49700.0,2.4,2,2,0,1,0
ACC-11133,Female,48,Married,Own House,Secondary / Secondary Special,Working,35300.0,17.2,2,2,1,0,1
ACC-11134,Male,51,Single,Own House,Secondary / Secondary Special,Working,61000.0,19.5,1,2,1,0,1
ACC-11135,Female,54,Married,Own House,Higher Education,Working,84200.0,15.2,2,0,1,1,1
ACC-11136,Male,35,Married,Own House,Higher Education,Commercial Associate,119500.0,7.6,3,0,1,0,1
ACC-11137,Female,45,Married,With Parents,Higher Education,Working,95100.0,24.0,3,0,0,1,1
ACC-11138,Female,56,Separated,Own House,Incomplete Higher,Commercial Associate,73500.0,26.5,3,1,0,0,1
ACC-11139,Male,28,Married,Own House,Secondary / Secondary Special,Working,67000.0,1.3,2,1,0,0,1
ACC-11140,Male,29,Married,Own House,Higher Education,Working,65300.0,2.3,3,3,0,0,1
ACC-11141,Female,57,Married,Own House,Secondary / Secondary Special,Commercial Associate,98200.0,36.1,1,1,1,2,1
ACC-11142,Male,65,Single,Rented Apartment,Higher Education,Working,125600.0,32.8,3,1,2,0,1
ACC-11143,Male,59,Married,With Parents,Secondary / Secondary Special,State Servant,38700.0,35.7,4,1,0,0,1
ACC-11144,Female,52,Married,Own House,Academic Degree,Working,75300.0,10.1,1,0,1,0,1
ACC-11145,Male,37,Married,Municipal Housing,Higher Education,Working,81200.0,12.7,2,1,2,0,1
ACC-11146,Male,55,Married,Own House,Incomplete Higher,State Servant,38100.0,25.1,2,1,0,0,1
ACC-11147,Male,57,Married,Own House,Higher Education,Commercial Associate,76900.0,11.3,3,3,0,0,1
ACC-11148,Male,39,Married,Own House,Higher Education,Working,59200.0,10.7,1,0,1,1,1
ACC-11149,Male,64,Single,With Parents,Higher Education,Working,85700.0,27.8,5,4,1,1,1
ACC-11150,Male,49,Married,Own House,Secondary / Secondary Special,Commercial Associate,70900.0,14.2,2,1,1,0,1
ACC-11151,Male,27,Married,Rented Apartment,Secondary / Secondary Special,Pensioner,53200.0,5.9,1,0,2,1,0
ACC-11152,Male,48,Married,Rented Apartment,Secondary / Secondary Special,State Servant,52600.0,23.4,1,0,0,0,1
ACC-11153,Male,29,Separated,Own House,Secondary / Secondary Special,Working,38200.0,7.7,3,0,1,0,1
ACC-11154,Male,48,Separated,Own House,Secondary / Secondary Special,Pensioner,44600.0,22.6,1,1,0,1,1
ACC-11155,Male,26,Single,With Parents,Secondary / Secondary Special,Working,41700.0,3.2,1,0,2,1,0
ACC-11156,Female,49,Married,Own House,Secondary / Secondary Special,Working,76300.0,11.4,2,1,3,0,1
ACC-11157,Male,37,Married,Own House,Incomplete Higher,State Servant,28300.0,14.2,2,4,0,1,0
ACC-11158,Male,36,Married,Own House,Higher Education,Working,42400.0,8.1,3,1,0,0,1
ACC-11159,Female,43,Married,Own House,Secondary / Secondary Special,Working,29600.0,6.0,2,2,0,1,0
ACC-11160,Male,51,Married,Own House,Secondary / Secondary Special,Working,55800.0,16.0,3,0,0,0,1
ACC-11161,Female,23,Single,Own House,Secondary / Secondary Special,Working,58700.0,0.9,5,1,0,1,1
ACC-11162,Female,41,Single,Own House,Secondary / Secondary Special,Commercial Associate,83000.0,14.7,2,0,1,0,1
ACC-11163,Male,46,Single,Own House,Higher Education,Commercial Associate,92600.0,9.1,3,2,5,0,1
ACC-11164,Female,56,Married,With Parents,Secondary / Secondary Special,Working,46400.0,9.8,4,0,1,0,1
ACC-11165,Male,62,Single,Municipal Housing,Secondary / Secondary Special,Working,96500.0,40.2,3,1,0,0,1
ACC-11166,Male,57,Married,Own House,Higher Education,Pensioner,95700.0,28.9,3,1,0,0,1
ACC-11167,Female,42,Married,Own House,Higher Education,State Servant,111700.0,17.4,1,1,0,2,1
ACC-11168,Female,62,Single,With Parents,Secondary / Secondary Special,Working,71800.0,26.4,2,2,0,1,1
ACC-11169,Female,32,Married,Own House,Higher Education,Pensioner,78500.0,10.2,2,0,2,0,1
ACC-11170,Male,62,Married,Own House,Secondary / Secondary Special,Commercial Associate,62300.0,32.0,3,0,0,1,1
ACC-11171,Male,33,Married,With Parents,Secondary / Secondary Special,Working,68200.0,8.0,5,2,6,0,0
ACC-11172,Male,31,Single,Rented Apartment,Secondary / Secondary Special,Working,44300.0,10.6,1,1,1,0,1
ACC-11173,Female,36,Single,Rented Apartment,Secondary / Secondary Special,Working,41800.0,3.5,1,1,1,2,0
ACC-11174,Male,28,Married,Rented Apartment,Secondary / Secondary Special,Commercial Associate,44400.0,7.6,1,0,1,0,1
ACC-11175,Female,60,Single,Own House,Secondary / Secondary Special,Working,73900.0,16.4,3,2,2,1,0
ACC-11176,Male,60,Married,Own House,Higher Education,Working,93600.0,21.4,1,4,1,1,1
ACC-11177,Female,65,Married,Rented Apartment,Higher Education,Working,83300.0,6.0,2,1,0,0,1
ACC-11178,Male,22,Single,Own House,Secondary / Secondary Special,Pensioner,35500.0,1.3,2,2,0,0,0
ACC-11179,Female,50,Single,Own House,Secondary / Secondary Special,Working,24700.0,18.5,2,1,4,0,1
ACC-11180,Male,50,Separated,Rented Apartment,Higher Education,Pensioner,75600.0,29.9,1,0,0,3,1
ACC-11181,Female,32,Married,Rented Apartment,Secondary / Secondary Special,Pensioner,38100.0,11.7,4,0,1,0,1
ACC-11182,Male,30,Single,Own House,Incomplete Higher,Working,84700.0,9.7,2,1,1,0,1
ACC-11183,Male,64,Single,Rented Apartment,Higher Education,Working,93200.0,15.7,4,1,0,0,1
ACC-11184,Female,31,Civil Union,Rented Apartment,Secondary / Secondary Special,Working,80500.0,10.9,2,2,0,0,1
ACC-11185,Male,35,Married,Rented Apartment,Secondary / Secondary Special,Pensioner,44800.0,7.1,1,1,0,1,0
ACC-11186,Male,36,Single,Own House,Secondary / Secondary Special,Working,69000.0,13.7,1,4,2,0,1
ACC-11187,Female,37,Married,Own House,Secondary / Secondary Special,Working,85500.0,4.1,5,1,1,4,0
ACC-11188,Female,46,Married,Own House,Secondary / Secondary Special,Working,60800.0,13.4,3,1,2,0,1
ACC-11189,Male,22,Married,Own House,Higher Education,Working,100400.0,1.9,1,0,2,0,1
ACC-11190,Female,32,Married,Own House,Secondary / Secondary Special,Pensioner,35200.0,11.4,3,1,0,0,1
ACC-11191,Male,46,Married,Own House,Secondary / Secondary Special,Commercial Associate,77100.0,17.9,2,2,1,3,0
ACC-11192,Female,43,Civil Union,Own House,Secondary / Secondary Special,State Servant,100100.0,18.5,2,0,2,0,1
ACC-11193,Male,38,Married,With Parents,Secondary / Secondary Special,Working,79100.0,3.6,1,4,1,0,0
ACC-11194,Female,52,Single,Own House,Secondary / Secondary Special,Working,53100.0,23.2,3,4,1,0,1
ACC-11195,Male,58,Married,Rented Apartment,Secondary / Secondary Special,Pensioner,54300.0,23.7,1,1,2,0,1
ACC-11196,Male,23,Married,Rented Apartment,Secondary / Secondary Special,Working,36800.0,0.7,2,0,0,0,0
ACC-11197,Male,58,Married,Own House,Higher Education,Pensioner,65100.0,4.7,2,0,2,0,1
ACC-11198,Male,23,Married,With Parents,Secondary / Secondary Special,Working,44000.0,0.8,1,0,0,0,0
ACC-11199,Female,50,Married,Own House,Higher Education,Working,99900.0,21.9,2,0,1,0,1
ACC-11200,Male,21,Married,Own House,Secondary / Secondary Special,Commercial Associate,75800.0,0.6,1,1,0,1,0
ACC-11201,Female,50,Married,Rented Apartment,Secondary / Secondary Special,Pensioner,51200.0,14.3,2,0,3,0,1
ACC-11202,Female,65,Married,Own House,Secondary / Secondary Special,Pensioner,62000.0,16.4,4,1,1,0,1
ACC-11203,Female,52,Married,Rented Apartment,Higher Education,Working,79900.0,17.8,2,0,1,0,1
ACC-11204,Female,48,Married,Own House,Secondary / Secondary Special,Working,55700.0,19.9,2,0,2,0,1
ACC-11205,Male,41,Married,Rented Apartment,Secondary / Secondary Special,Commercial Associate,79200.0,14.5,2,1,3,0,1
ACC-11206,Male,33,Civil Union,Own House,Secondary / Secondary Special,Commercial Associate,61100.0,6.9,2,4,2,0,1
ACC-11207,Female,47,Civil Union,Own House,Secondary / Secondary Special,Commercial Associate,79800.0,12.8,3,1,0,0,1
ACC-11208,Female,56,Single,Own House,Secondary / Secondary Special,Working,65900.0,14.6,1,1,3,0,1
ACC-11209,Male,27,Married,Rented Apartment,Higher Education,Pensioner,75000.0,6.1,4,2,1,0,1
ACC-11210,Female,42,Single,Rented Apartment,Secondary / Secondary Special,Commercial Associate,89200.0,7.6,3,1,1,4,0
ACC-11211,Female,30,Single,Own House,Higher Education,State Servant,54700.0,3.0,3,2,4,3,0
ACC-11212,Female,59,Single,Own House,Secondary / Secondary Special,Commercial Associate,51700.0,29.1,1,0,0,1,1
ACC-11213,Male,35,Married,Own House,Higher Education,Working,64300.0,5.7,1,2,0,0,1
ACC-11214,Male,35,Single,With Parents,Higher Education,Pensioner,72000.0,12.8,2,0,1,0,1
ACC-11215,Female,24,Single,Own House,Secondary / Secondary Special,Commercial Associate,73700.0,1.6,4,3,2,1,0
ACC-11216,Female,52,Married,Rented Apartment,Higher Education,State Servant,40100.0,22.6,2,0,1,0,1
ACC-11217,Male,43,Single,Rented Apartment,Higher Education,Pensioner,112800.0,1.5,1,3,1,0,1
ACC-11218,Male,26,Married,Own House,Secondary / Secondary Special,Commercial Associate,36200.0,2.6,1,3,1,0,0
ACC-11219,Female,44,Married,Own House,Secondary / Secondary Special,Commercial Associate,80700.0,8.6,3,0,1,0,1
ACC-11220,Male,40,Married,Own House,Higher Education,Working,102400.0,16.4,3,4,2,1,1
ACC-11221,Female,57,Single,Rented Apartment,Secondary / Secondary Special,Working,49200.0,35.8,1,0,0,1,1
ACC-11222,Female,40,Married,Own House,Secondary / Secondary Special,Working,79100.0,9.5,1,0,2,1,1
ACC-11223,Male,32,Married,Own House,Higher Education,Working,67800.0,10.0,2,1,2,1,0
ACC-11224,Female,53,Married,Rented Apartment,Secondary / Secondary Special,Working,68800.0,23.2,2,4,1,0,1
ACC-11225,Male,48,Married,Own House,Higher Education,Working,42000.0,27.1,3,1,0,1,1
ACC-11226,Female,28,Married,Own House,Higher Education,Working,115800.0,6.6,3,1,0,0,1
ACC-11227,Female,21,Single,Own House,Incomplete Higher,Working,65000.0,0.5,2,1,2,0,1
ACC-11228,Male,57,Single,Own House,Secondary / Secondary Special,Working,29900.0,26.5,1,3,0,0,1
ACC-11229,Female,42,Married,Rented Apartment,Secondary / Secondary Special,Working,78800.0,12.0,3,2,1,0,1
ACC-11230,Male,26,Married,Own House,Secondary / Secondary Special,Commercial Associate,115900.0,0.6,5,0,0,3,0
ACC-11231,Female,41,Married,Own House,Secondary / Secondary Special,Commercial Associate,59600.0,5.7,4,0,1,0,1
ACC-11232,Female,52,Civil Union,With Parents,Secondary / Secondary Special,Working,60400.0,29.5,4,0,2,0,1
ACC-11233,Female,55,Married,Own House,Secondary / Secondary Special,Commercial Associate,68700.0,32.4,2,1,2,0,1
ACC-11234,Male,35,Married,Municipal Housing,Secondary / Secondary Special,State Servant,48100.0,12.1,3,0,1,0,1
ACC-11235,Female,25,Married,Municipal Housing,Secondary / Secondary Special,Working,45700.0,4.9,4,0,2,0,1
ACC-11236,Male,26,Single,Own House,Higher Education,Commercial Associate,90800.0,4.9,3,2,2,1,0
ACC-11237,Female,45,Civil Union,Own House,Higher Education,Pensioner,57000.0,0.8,2,0,0,0,1
ACC-11238,Male,60,Single,Rented Apartment,Higher Education,State Servant,82200.0,11.9,5,1,0,0,1
ACC-11239,Female,49,Single,Own House,Higher Education,Working,80600.0,1.4,2,0,3,0,1
ACC-11240,Male,27,Married,Own House,Secondary / Secondary Special,Commercial Associate,96700.0,1.1,1,0,2,0,1
ACC-11241,Male,60,Married,Rented Apartment,Incomplete Higher,Working,79800.0,9.1,1,0,1,0,1
ACC-11242,Male,33,Married,Own House,Higher Education,Commercial Associate,71300.0,6.8,2,1,0,1,1
ACC-11243,Male,58,Married,With Parents,Secondary / Secondary Special,Pensioner,31900.0,32.3,2,2,2,1,1
ACC-11244,Male,38,Married,Own House,Secondary / Secondary Special,Working,92500.0,15.6,1,0,1,0,1
ACC-11245,Male,22,Married,Own House,Secondary / Secondary Special,Pensioner,51500.0,1.4,3,0,3,0,0
ACC-11246,Female,28,Married,Own House,Secondary / Secondary Special,Working,72400.0,7.5,3,2,5,0,0
ACC-11247,Female,31,Separated,Municipal Housing,Secondary / Secondary Special,Pensioner,50300.0,5.8,3,2,4,0,0
ACC-11248,Male,53,Single,Rented Apartment,Secondary / Secondary Special,Commercial Associate,74200.0,29.4,1,2,3,0,1
ACC-11249,Male,58,Single,Rented Apartment,Higher Education,Working,89100.0,17.5,3,3,0,0,1
ACC-11250,Male,47,Single,Own House,Secondary / Secondary Special,Commercial Associate,71100.0,7.8,1,2,3,1,0
ACC-11251,Female,40,Married,Own House,Secondary / Secondary Special,Working,83800.0,18.4,2,1,0,0,1
ACC-11252,Female,32,Single,Own House,Higher Education,Working,81300.0,5.0,2,2,3,0,1
ACC-11253,Female,63,Married,Own House,Secondary / Secondary Special,State Servant,62500.0,21.9,3,1,0,0,1
ACC-11254,Male,51,Single,Own House,Incomplete Higher,Working,81200.0,10.5,2,0,1,0,1
ACC-11255,Female,47,Married,Own House,Secondary / Secondary Special,State Servant,57800.0,18.1,1,0,0,0,1
ACC-11256,Female,52,Separated,Own House,Incomplete Higher,Working,63400.0,31.8,2,0,2,2,1
ACC-11257,Female,30,Married,With Parents,Secondary / Secondary Special,Working,57100.0,0.7,2,0,0,0,0
ACC-11258,Female,23,Married,Own House,Secondary / Secondary Special,Pensioner,43000.0,2.7,4,0,1,0,1
ACC-11259,Male,65,Civil Union,Municipal Housing,Secondary / Secondary Special,Working,57900.0,0.7,4,0,2,0,0
ACC-11260,Female,47,Married,Own House,Higher Education,Commercial Associate,93200.0,10.2,1,2,2,0,1
ACC-11261,Male,55,Single,Own House,Higher Education,Commercial Associate,89400.0,6.3,1,3,0,0,1
ACC-11262,Female,51,Single,Own House,Secondary / Secondary Special,Commercial Associate,76200.0,23.6,1,1,1,0,1
ACC-11263,Female,35,Single,Own House,Incomplete Higher,Pensioner,67400.0,1.2,3,2,0,0,1
ACC-11264,Female,36,Separated,Own House,Secondary / Secondary Special,Commercial Associate,93700.0,9.1,1,0,2,0,1
ACC-11265,Female,33,Separated,Own House,Higher Education,Working,55300.0,4.2,1,3,4,4,0
ACC-11266,Female,55,Married,Own House,Higher Education,State Servant,80600.0,5.1,2,1,2,0,1
ACC-11267,Female,31,Single,Rented Apartment,Secondary / Secondary Special,Working,51000.0,8.6,1,0,0,0,1
ACC-11268,Male,41,Single,Rented Apartment,Secondary / Secondary Special,Commercial Associate,45600.0,5.0,1,0,1,0,1
ACC-11269,Female,31,Single,Rented Apartment,Higher Education,Pensioner,76100.0,2.8,2,0,5,0,0
ACC-11270,Male,50,Married,Own House,Higher Education,Commercial Associate,102900.0,8.6,2,0,0,0,1
ACC-11271,Male,55,Single,Own House,Incomplete Higher,State Servant,109500.0,20.7,2,0,1,0,1
ACC-11272,Male,42,Separated,Own House,Higher Education,Commercial Associate,97700.0,14.7,5,0,1,0,1
ACC-11273,Female,58,Civil Union,Own House,Secondary / Secondary Special,State Servant,47900.0,1.2,1,0,2,1,0
ACC-11274,Female,51,Married,Own House,Higher Education,Pensioner,50800.0,7.9,2,0,3,0,1
ACC-11275,Female,34,Married,Own House,Secondary / Secondary Special,Working,55100.0,6.3,4,4,0,2,0
ACC-11276,Female,44,Married,Own House,Academic Degree,Working,123000.0,8.3,4,0,2,1,1
ACC-11277,Male,52,Single,Own House,Secondary / Secondary Special,Working,80500.0,28.4,2,0,1,0,1
ACC-11278,Female,56,Single,Own House,Secondary / Secondary Special,Commercial Associate,144400.0,28.5,3,1,0,0,1
ACC-11279,Female,52,Married,Rented Apartment,Secondary / Secondary Special,Working,38500.0,20.2,1,2,0,0,1
ACC-11280,Male,35,Married,Rented Apartment,Secondary / Secondary Special,Working,66900.0,5.4,3,0,1,0,1
ACC-11281,Male,63,Married,Municipal Housing,Secondary / Secondary Special,Working,49900.0,30.3,5,2,0,0,1
ACC-11282,Male,55,Married,Rented Apartment,Higher Education,Pensioner,77700.0,29.6,2,0,2,0,1
ACC-11283,Female,23,Civil Union,Own House,Higher Education,Commercial Associate,135400.0,2.0,2,0,0,2,1
ACC-11284,Female,36,Single,With Parents,Secondary / Secondary Special,Working,84000.0,12.7,1,0,0,0,1
ACC-11285,Female,25,Married,With Parents,Higher Education,Working,63400.0,3.9,2,1,0,0,1
ACC-11286,Female,41,Married,Own House,Higher Education,Working,105100.0,12.2,2,0,0,0,1
ACC-11287,Female,30,Married,Own House,Secondary / Secondary Special,Working,18500.0,3.5,3,1,1,0,0
ACC-11288,Female,39,Separated,Municipal Housing,Secondary / Secondary Special,Working,18000.0,14.3,1,0,1,1,1
ACC-11289,Female,45,Married,Own House,Higher Education,Pensioner,64500.0,5.6,2,1,2,0,1
ACC-11290,Female,24,Married,With Parents,Higher Education,Pensioner,83400.0,3.2,2,0,4,0,0
ACC-11291,Female,49,Married,Own House,Secondary / Secondary Special,Working,72700.0,23.4,1,1,2,1,1
ACC-11292,Male,39,Single,Own House,Higher Education,Working,131900.0,15.7,1,1,0,1,1
ACC-11293,Male,63,Single,Own House,Secondary / Secondary Special,Working,67400.0,20.6,2,1,4,1,1
ACC-11294,Male,22,Single,Own House,Secondary / Secondary Special,Working,62600.0,0.8,3,0,1,1,0
ACC-11295,Female,30,Married,Rented Apartment,Secondary / Secondary Special,Working,90400.0,1.4,2,2,1,0,1
ACC-11296,Female,63,Married,Municipal Housing,Secondary / Secondary Special,Working,56800.0,32.1,3,1,1,0,1
ACC-11297,Female,45,Married,Own House,Higher Education,Working,98600.0,22.2,2,0,0,0,1
ACC-11298,Male,40,Single,Own House,Higher Education,State Servant,99900.0,13.2,4,4,3,0,1
ACC-11299,Male,39,Married,Rented Apartment,Secondary / Secondary Special,Commercial Associate,58600.0,3.2,3,1,0,0,1
ACC-11300,Female,43,Single,Own House,Secondary / Secondary Special,Commercial Associate,88500.0,21.5,2,1,1,2,1
ACC-11301,Male,44,Civil Union,Own House,Higher Education,Working,138100.0,23.7,1,0,0,0,1
ACC-11302,Female,31,Civil Union,Own House,Higher Education,Pensioner,95000.0,5.1,2,1,2,2,0
ACC-11303,Female,54,Married,Rented Apartment,Higher Education,Pensioner,51500.0,20.4,5,0,2,0,1
ACC-11304,Male,48,Married,Rented Apartment,Higher Education,Working,141500.0,21.9,2,1,0,0,1
ACC-11305,Male,25,Married,Own House,Secondary / Secondary Special,Working,80200.0,3.8,2,1,2,0,1
ACC-11306,Male,25,Single,Own House,Higher Education,Commercial Associate,114300.0,4.9,1,1,2,0,1
ACC-11307,Male,41,Single,Municipal Housing,Secondary / Secondary Special,Working,62900.0,2.9,3,0,1,0,1
ACC-11308,Female,32,Married,Rented Apartment,Secondary / Secondary Special,Working,80000.0,7.2,2,2,1,0,0
ACC-11309,Male,24,Married,Own House,Secondary / Secondary Special,Commercial Associate,82500.0,2.9,2,0,1,0,1
ACC-11310,Female,62,Single,Own House,Secondary / Secondary Special,Commercial Associate,80400.0,37.4,2,1,0,3,1
ACC-11311,Male,40,Civil Union,Rented Apartment,Incomplete Higher,Working,62100.0,17.5,2,2,2,0,1
ACC-11312,Female,58,Married,Own House,Higher Education,Commercial Associate,126400.0,37.2,2,1,1,0,1
ACC-11313,Male,45,Married,Own House,Secondary / Secondary Special,Pensioner,64000.0,13.0,2,0,1,0,1
ACC-11314,Female,34,Married,Own House,Secondary / Secondary Special,Working,61700.0,11.7,3,0,3,0,1
ACC-11315,Male,31,Married,Own House,Secondary / Secondary Special,Commercial Associate,46600.0,5.0,3,0,0,1,1
ACC-11316,Female,52,Civil Union,Own House,Secondary / Secondary Special,Working,65800.0,13.8,3,1,0,1,1
ACC-11317,Male,31,Single,Own House,Higher Education,Working,74200.0,3.2,1,0,0,2,0
ACC-11318,Female,38,Single,Rented Apartment,Higher Education,Commercial Associate,94600.0,14.8,3,1,0,0,1
ACC-11319,Female,47,Married,Own House,Incomplete Higher,Working,62300.0,26.6,1,1,0,0,1
ACC-11320,Female,38,Single,Own House,Higher Education,Working,66700.0,5.0,1,0,5,2,0
ACC-11321,Female,43,Married,Own House,Higher Education,Working,54600.0,1.8,4,0,0,4,0
ACC-11322,Male,31,Married,With Parents,Secondary / Secondary Special,Commercial Associate,86400.0,9.1,3,0,2,3,0
ACC-11323,Female,41,Married,With Parents,Secondary / Secondary Special,Commercial Associate,80600.0,13.2,2,0,0,0,1
ACC-11324,Male,64,Married,Own House,Secondary / Secondary Special,Working,64700.0,42.2,4,1,1,0,1
ACC-11325,Female,25,Single,Rented Apartment,Secondary / Secondary Special,Commercial Associate,91200.0,1.6,5,1,5,0,0
ACC-11326,Female,43,Single,Own House,Higher Education,Working,75500.0,2.1,2,2,0,1,0
ACC-11327,Male,61,Married,Municipal Housing,Secondary / Secondary Special,Commercial Associate,87300.0,20.4,2,0,3,1,1
ACC-11328,Male,45,Married,Own House,Secondary / Secondary Special,Working,94400.0,2.6,3,3,6,1,0
ACC-11329,Female,61,Married,Rented Apartment,Secondary / Secondary Special,Commercial Associate,74400.0,11.1,1,0,1,0,1
ACC-11330,Male,30,Married,Own House,Incomplete Higher,Pensioner,86800.0,1.7,1,0,0,0,1
ACC-11331,Male,42,Single,Own House,Secondary / Secondary Special,Pensioner,46100.0,5.3,3,1,2,0,1
ACC-11332,Female,39,Single,Municipal Housing,Higher Education,Working,71200.0,2.5,2,2,3,0,0
ACC-11333,Male,21,Married,Own House,Higher Education,State Servant,108700.0,1.0,1,0,0,0,1
ACC-11334,Male,27,Married,Own House,Secondary / Secondary Special,Working,62500.0,2.3,2,1,1,2,0
ACC-11335,Male,24,Married,Own House,Secondary / Secondary Special,Pensioner,68200.0,2.1,2,2,0,0,1
ACC-11336,Female,21,Single,Rented Apartment,Higher Education,Working,99100.0,0.9,5,2,0,0,1
ACC-11337,Male,35,Married,Own House,Secondary / Secondary Special,Working,57800.0,10.3,3,0,3,0,1
ACC-11338,Female,60,Married,Own House,Incomplete Higher,Working,98500.0,24.9,2,2,1,0,1
ACC-11339,Female,32,Single,Municipal Housing,Secondary / Secondary Special,Working,54000.0,8.6,5,2,0,0,1
ACC-11340,Female,42,Married,Own House,Secondary / Secondary Special,Commercial Associate,32400.0,18.3,4,1,1,2,0
ACC-11341,Female,42,Married,Own House,Higher Education,Pensioner,89400.0,19.4,2,2,0,0,1
ACC-11342,Male,37,Single,With Parents,Higher Education,Commercial Associate,112700.0,11.1,4,4,0,0,1
ACC-11343,Male,49,Single,Own House,Academic Degree,Commercial Associate,153200.0,25.9,2,1,1,1,1
ACC-11344,Male,34,Single,Own House,Higher Education,Commercial Associate,85600.0,7.7,1,0,1,0,1
ACC-11345,Female,40,Single,Own House,Incomplete Higher,Working,59600.0,5.9,1,1,0,0,1
ACC-11346,Female,53,Single,Rented Apartment,Higher Education,Working,82100.0,29.1,3,0,0,0,1
ACC-11347,Female,63,Married,Own House,Higher Education,Working,110500.0,23.5,2,0,1,0,1
ACC-11348,Male,35,Married,With Parents,Secondary / Secondary Special,Working,79300.0,13.6,3,1,2,0,1
ACC-11349,Female,32,Married,Rented Apartment,Secondary / Secondary Special,Working,69700.0,1.0,3,0,3,0,0
ACC-11350,Male,60,Married,Own House,Incomplete Higher,Working,69900.0,16.2,1,1,0,1,1
ACC-11351,Male,40,Single,Rented Apartment,Secondary / Secondary Special,Working,39700.0,19.0,1,2,1,0,1
ACC-11352,Female,50,Single,Own House,Secondary / Secondary Special,Working,81900.0,7.9,2,1,3,0,0
ACC-11353,Male,58,Separated,Own House,Secondary / Secondary Special,Pensioner,62400.0,35.8,1,3,1,0,1
ACC-11354,Female,23,Single,Rented Apartment,Secondary / Secondary Special,Working,115400.0,2.9,2,0,4,0,0
ACC-11355,Male,48,Married,Municipal Housing,Secondary / Secondary Special,Commercial Associate,90400.0,24.8,2,2,3,0,1
ACC-11356,Male,46,Married,Own House,Secondary / Secondary Special,Commercial Associate,93900.0,14.9,2,2,0,1,1
ACC-11357,Female,50,Single,Own House,Higher Education,Commercial Associate,115500.0,19.6,2,0,0,0,1
ACC-11358,Female,33,Married,Own House,Secondary / Secondary Special,Working,49700.0,11.4,2,0,0,0,1
ACC-11359,Male,33,Single,Own House,Secondary / Secondary Special,Working,92500.0,10.2,3,0,0,2,1
ACC-11360,Male,22,Single,Own House,Secondary / Secondary Special,Working,63800.0,1.4,5,2,3,0,0
ACC-11361,Female,57,Single,Own House,Secondary / Secondary Special,Working,60800.0,36.4,3,2,4,0,1
ACC-11362,Male,58,Single,Rented Apartment,Secondary / Secondary Special,Working,62000.0,26.2,2,0,0,0,1
ACC-11363,Male,22,Married,Own House,Higher Education,Commercial Associate,103500.0,2.0,1,1,1,0,1
ACC-11364,Male,56,Single,Own House,Secondary / Secondary Special,Commercial Associate,69300.0,2.5,3,0,1,0,1
ACC-11365,Female,46,Single,Rented Apartment,Higher Education,Commercial Associate,109700.0,4.0,4,1,1,0,1
ACC-11366,Male,31,Married,Rented Apartment,Secondary / Secondary Special,Working,62900.0,5.2,1,4,1,0,1
ACC-11367,Male,28,Single,Own House,Secondary / Secondary Special,Working,61000.0,3.4,2,0,4,0,0
ACC-11368,Female,64,Married,Own House,Secondary / Secondary Special,State Servant,75800.0,34.5,1,3,0,0,1
ACC-11369,Female,60,Separated,Own House,Secondary / Secondary Special,Working,66700.0,6.8,3,2,0,0,1
ACC-11370,Male,63,Married,Own House,Higher Education,Commercial Associate,92800.0,42.0,2,4,0,0,1
ACC-11371,Female,42,Married,Own House,Higher Education,Commercial Associate,88200.0,7.3,1,0,1,0,1
ACC-11372,Male,40,Married,Rented Apartment,Higher Education,Working,92200.0,8.9,4,0,0,0,1
ACC-11373,Female,28,Single,Own House,Secondary / Secondary Special,Working,48600.0,2.6,2,0,1,0,1
ACC-11374,Female,49,Married,Own House,Secondary / Secondary Special,Working,47000.0,17.0,2,1,1,0,1
ACC-11375,Male,60,Married,Own House,Secondary / Secondary Special,Working,47300.0,2.8,2,1,2,0,0
ACC-11376,Female,46,Married,Own House,Incomplete Higher,Working,70600.0,4.3,2,0,1,0,0
ACC-11377,Female,50,Civil Union,Own House,Secondary / Secondary Special,Working,91300.0,22.5,2,2,0,0,1
ACC-11378,Female,37,Married,Municipal Housing,Higher Education,Working,97700.0,3.6,2,0,2,1,0
ACC-11379,Male,40,Married,Own House,Secondary / Secondary Special,Working,84500.0,5.1,2,0,3,0,1
ACC-11380,Female,36,Single,Own House,Secondary / Secondary Special,State Servant,63500.0,12.8,3,1,0,2,0
ACC-11381,Female,63,Married,Own House,Secondary / Secondary Special,Working,68100.0,4.5,3,0,0,1,1
ACC-11382,Male,27,Civil Union,With Parents,Secondary / Secondary Special,Pensioner,81400.0,3.3,2,0,2,4,0
ACC-11383,Female,36,Married,Own House,Higher Education,Pensioner,88200.0,0.9,2,0,0,1,1
ACC-11384,Male,65,Single,Own House,Secondary / Secondary Special,Pensioner,65600.0,15.9,3,2,0,0,1
ACC-11385,Female,47,Married,With Parents,Higher Education,State Servant,84200.0,19.0,1,2,1,0,1
ACC-11386,Male,43,Married,Own House,Secondary / Secondary Special,Working,64900.0,2.5,1,1,0,0,1
ACC-11387,Female,44,Single,Own House,Incomplete Higher,Working,73900.0,21.4,2,1,0,1,1
ACC-11388,Male,29,Single,Own House,Secondary / Secondary Special,Commercial Associate,66700.0,8.2,2,1,1,0,1
ACC-11389,Female,55,Single,Own House,Higher Education,Commercial Associate,53000.0,4.1,1,0,2,0,1
ACC-11390,Female,40,Married,Own House,Higher Education,State Servant,98700.0,19.8,3,1,3,0,1
ACC-11391,Female,57,Married,Rented Apartment,Incomplete Higher,Pensioner,66200.0,11.4,2,1,5,0,0
ACC-11392,Female,62,Married,Own House,Secondary / Secondary Special,Working,66200.0,4.0,4,1,0,0,1
ACC-11393,Female,37,Separated,Own House,Higher Education,Working,76900.0,0.6,1,1,0,0,1
ACC-11394,Female,51,Married,Own House,Secondary / Secondary Special,Working,57700.0,13.0,3,1,2,0,1
ACC-11395,Male,28,Married,Own House,Secondary / Secondary Special,Working,20400.0,5.2,1,0,1,1,0
ACC-11396,Female,35,Married,Own House,Secondary / Secondary Special,Working,57700.0,5.3,2,2,0,1,0
ACC-11397,Female,51,Married,With Parents,Secondary / Secondary Special,Commercial Associate,55500.0,26.0,2,0,0,1,1
ACC-11398,Male,50,Married,Own House,Academic Degree,State Servant,94600.0,21.6,2,2,0,0,1
ACC-11399,Male,40,Civil Union,Rented Apartment,Secondary / Secondary Special,Working,39400.0,7.3,3,0,1,2,0
ACC-11400,Female,59,Married,Own House,Secondary / Secondary Special,Pensioner,18000.0,28.8,1,0,0,0,1
ACC-11401,Female,32,Civil Union,Own House,Higher Education,Commercial Associate,82900.0,11.3,2,1,4,2,0
ACC-11402,Female,37,Married,Own House,Secondary / Secondary Special,State Servant,78900.0,2.0,1,0,0,0,1
ACC-11403,Male,62,Single,Own House,Higher Education,Working,78800.0,13.2,3,2,5,0,1
ACC-11404,Male,50,Civil Union,Own House,Secondary / Secondary Special,State Servant,40600.0,14.2,1,1,3,1,0
ACC-11405,Female,49,Married,Own House,Secondary / Secondary Special,Commercial Associate,96600.0,14.7,3,1,1,0,1
ACC-11406,Male,39,Separated,Rented Apartment,Secondary / Secondary Special,Working,67800.0,10.5,3,0,2,0,1
ACC-11407,Male,31,Married,Own House,Incomplete Higher,Working,18000.0,3.7,3,0,2,0,0
ACC-11408,Male,54,Separated,Own House,Higher Education,Pensioner,91900.0,22.9,1,0,0,0,1
ACC-11409,Male,27,Single,Own House,Incomplete Higher,Working,66600.0,4.7,2,1,0,0,1
ACC-11410,Female,64,Married,Own House,Secondary / Secondary Special,Working,81900.0,25.6,1,1,1,0,1
ACC-11411,Female,54,Married,Own House,Secondary / Secondary Special,Working,60000.0,4.3,3,1,1,0,0
ACC-11412,Female,40,Married,Own House,Secondary / Secondary Special,Commercial Associate,115300.0,9.8,3,4,1,0,1
ACC-11413,Female,58,Married,Own House,Secondary / Secondary Special,State Servant,56600.0,13.9,2,1,1,0,1
ACC-11414,Female,44,Married,Rented Apartment,Secondary / Secondary Special,Working,18000.0,12.0,3,3,1,0,1
ACC-11415,Male,30,Married,With Parents,Higher Education,Working,70400.0,9.3,1,0,1,0,1
ACC-11416,Female,52,Married,Own House,Secondary / Secondary Special,Pensioner,56000.0,15.6,2,0,1,0,1
ACC-11417,Female,35,Single,Own House,Secondary / Secondary Special,State Servant,68500.0,0.7,2,0,1,0,1
ACC-11418,Female,57,Married,With Parents,Higher Education,State Servant,87300.0,16.5,5,0,3,0,1
ACC-11419,Male,40,Married,Own House,Higher Education,Working,68300.0,16.5,4,1,1,3,1
ACC-11420,Female,23,Single,Own House,Secondary / Secondary Special,Working,65400.0,2.5,3,1,2,1,0
ACC-11421,Female,57,Married,Own House,Secondary / Secondary Special,Working,64700.0,19.2,4,1,1,0,1
ACC-11422,Female,60,Married,Own House,Secondary / Secondary Special,Commercial Associate,79500.0,10.4,2,1,1,0,1
ACC-11423,Female,28,Married,Own House,Secondary / Secondary Special,Working,76800.0,4.0,4,4,1,0,0
ACC-11424,Male,60,Civil Union,Own House,Higher Education,Working,94000.0,22.8,2,2,0,0,1
ACC-11425,Male,64,Single,Own House,Secondary / Secondary Special,Working,59400.0,44.0,3,0,6,0,1
ACC-11426,Female,43,Married,Own House,Higher Education,Working,67900.0,15.0,3,0,0,1,1
ACC-11427,Male,60,Single,Rented Apartment,Higher Education,State Servant,119900.0,27.9,1,0,1,0,1
ACC-11428,Male,31,Married,Own House,Higher Education,Working,133600.0,5.7,2,0,0,0,1
ACC-11429,Male,28,Single,Own House,Secondary / Secondary Special,Commercial Associate,118400.0,3.2,1,1,0,0,1
ACC-11430,Female,49,Single,Own House,Secondary / Secondary Special,Pensioner,60400.0,23.7,5,1,2,0,1
ACC-11431,Female,50,Single,Rented Apartment,Higher Education,Working,53100.0,15.1,1,0,1,0,1
ACC-11432,Female,30,Married,Rented Apartment,Secondary / Secondary Special,Commercial Associate,40500.0,9.9,2,1,2,0,1
ACC-11433,Male,59,Married,Own House,Secondary / Secondary Special,Pensioner,32900.0,18.1,3,1,0,0,1
ACC-11434,Female,48,Married,Own House,Secondary / Secondary Special,Pensioner,43800.0,2.4,1,0,0,0,1
ACC-11435,Female,56,Civil Union,Rented Apartment,Secondary / Secondary Special,Working,62900.0,24.7,2,0,0,0,1
ACC-11436,Female,33,Married,Rented Apartment,Higher Education,Working,94300.0,1.1,2,2,1,1,0
ACC-11437,Male,52,Single,Own House,Secondary / Secondary Special,Working,34400.0,8.4,1,1,2,1,0
ACC-11438,Female,56,Separated,Own House,Secondary / Secondary Special,Commercial Associate,115400.0,13.1,3,0,1,1,1
ACC-11439,Male,57,Married,Own House,Secondary / Secondary Special,Commercial Associate,113100.0,27.5,2,0,1,0,1
ACC-11440,Male,46,Single,Rented Apartment,Secondary / Secondary Special,Commercial Associate,51200.0,13.1,1,0,5,0,0
ACC-11441,Female,42,Single,Own House,Higher Education,Working,49000.0,1.1,2,0,0,2,0
ACC-11442,Male,24,Separated,Own House,Higher Education,Working,88000.0,2.7,2,2,1,0,1
ACC-11443,Female,51,Separated,With Parents,Secondary / Secondary Special,Commercial Associate,107800.0,13.0,4,0,1,0,1
ACC-11444,Male,38,Single,Rented Apartment,Secondary / Secondary Special,Working,64300.0,16.6,4,0,0,0,1
ACC-11445,Female,58,Married,With Parents,Secondary / Secondary Special,Commercial Associate,85700.0,19.2,2,0,0,0,1
ACC-11446,Male,44,Single,Municipal Housing,Higher Education,Working,80300.0,17.2,2,2,0,0,1
ACC-11447,Male,43,Married,Own House,Secondary / Secondary Special,Working,68200.0,5.4,2,0,3,0,1
ACC-11448,Male,42,Single,Own House,Higher Education,Working,110800.0,16.9,2,0,1,0,1
ACC-11449,Male,22,Civil Union,Own House,Secondary / Secondary Special,Working,74100.0,1.6,2,1,2,0,1
ACC-11450,Female,51,Married,With Parents,Higher Education,Working,102700.0,28.1,3,1,1,0,1
ACC-11451,Male,31,Single,Own House,Secondary / Secondary Special,Working,28400.0,0.9,2,0,1,0,0
ACC-11452,Male,48,Married,Municipal Housing,Higher Education,Working,137000.0,12.8,1,0,2,0,1
ACC-11453,Male,52,Married,Own House,Secondary / Secondary Special,Working,28700.0,21.9,2,2,3,0,1
ACC-11454,Female,25,Married,Rented Apartment,Higher Education,Working,93400.0,0.9,1,4,0,0,1
ACC-11455,Male,58,Single,Own House,Secondary / Secondary Special,Commercial Associate,76700.0,15.9,3,0,0,0,1
ACC-11456,Male,30,Civil Union,Own House,Secondary / Secondary Special,Working,62600.0,9.5,2,0,2,0,1
ACC-11457,Male,60,Separated,Rented Apartment,Higher Education,Commercial Associate,124100.0,17.7,2,0,4,0,1
ACC-11458,Female,44,Married,Own House,Secondary / Secondary Special,Commercial Associate,64400.0,23.7,2,2,5,0,1
ACC-11459,Male,55,Civil Union,Rented Apartment,Higher Education,Commercial Associate,95500.0,2.5,4,1,1,0,1
ACC-11460,Female,64,Single,Own House,Higher Education,Pensioner,44800.0,31.7,1,2,0,0,1
ACC-11461,Male,43,Married,Rented Apartment,Secondary / Secondary Special,Working,89700.0,13.6,4,1,0,0,1
ACC-11462,Female,37,Married,Own House,Secondary / Secondary Special,Commercial Associate,85900.0,8.8,2,3,4,2,0
ACC-11463,Male,21,Married,Own House,Secondary / Secondary Special,Pensioner,59000.0,1.0,4,2,1,0,0
ACC-11464,Male,51,Civil Union,Rented Apartment,Secondary / Secondary Special,State Servant,82900.0,4.5,3,2,0,0,1
ACC-11465,Female,51,Single,Own House,Secondary / Secondary Special,Working,108800.0,27.8,1,1,4,0,1
ACC-11466,Male,62,Single,Own House,Higher Education,Working,130000.0,29.2,3,0,0,1,1
ACC-11467,Female,62,Married,Own House,Secondary / Secondary Special,Working,72100.0,11.2,3,1,2,0,1
ACC-11468,Male,54,Single,Own House,Secondary / Secondary Special,Commercial Associate,83500.0,30.7,1,1,1,0,1
ACC-11469,Male,29,Married,Own House,Secondary / Secondary Special,Commercial Associate,68300.0,4.1,1,1,0,2,0
ACC-11470,Male,42,Married,Rented Apartment,Secondary / Secondary Special,Working,81400.0,18.0,2,0,0,0,1
ACC-11471,Male,33,Single,Own House,Secondary / Secondary Special,Commercial Associate,95600.0,5.4,3,1,0,0,1
ACC-11472,Male,45,Married,Own House,Higher Education,Commercial Associate,89000.0,21.3,3,1,1,0,1
ACC-11473,Female,38,Single,Own House,Higher Education,Working,105800.0,11.6,3,1,1,1,1
ACC-11474,Female,32,Married,Own House,Secondary / Secondary Special,State Servant,87200.0,2.1,3,0,0,0,1
ACC-11475,Male,60,Single,Own House,Incomplete Higher,State Servant,40300.0,26.2,3,1,5,0,1
ACC-11476,Male,37,Married,Municipal Housing,Secondary / Secondary Special,Working,69200.0,3.7,2,0,0,2,0
ACC-11477,Male,35,Single,With Parents,Higher Education,Commercial Associate,103600.0,6.5,2,2,0,0,1
ACC-11478,Male,62,Married,Own House,Higher Education,Working,89900.0,7.6,4,1,0,0,1
ACC-11479,Female,35,Married,Own House,Higher Education,Commercial Associate,84000.0,0.8,1,0,0,0,1
ACC-11480,Male,35,Civil Union,Rented Apartment,Secondary / Secondary Special,Pensioner,18000.0,3.6,2,0,6,3,0
ACC-11481,Female,59,Married,Own House,Secondary / Secondary Special,State Servant,48400.0,21.2,3,1,0,0,1
ACC-11482,Female,33,Single,Own House,Secondary / Secondary Special,Working,45300.0,6.5,2,0,1,3,0
ACC-11483,Female,37,Separated,Own House,Higher Education,Working,97800.0,8.8,1,4,3,0,1
ACC-11484,Female,52,Married,Own House,Secondary / Secondary Special,Working,73100.0,8.3,1,1,1,1,1
ACC-11485,Female,29,Married,Municipal Housing,Higher Education,Commercial Associate,111900.0,6.3,2,0,1,0,1
ACC-11486,Female,60,Single,Rented Apartment,Secondary / Secondary Special,Working,34300.0,28.3,5,1,3,1,1
ACC-11487,Male,40,Separated,Own House,Higher Education,Commercial Associate,80400.0,7.5,2,0,2,0,1
ACC-11488,Female,46,Civil Union,Own House,Secondary / Secondary Special,Working,51400.0,23.0,2,2,0,0,1
ACC-11489,Female,47,Married,Rented Apartment,Secondary / Secondary Special,Working,65500.0,17.6,2,0,1,0,1
ACC-11490,Female,41,Single,Rented Apartment,Secondary / Secondary Special,Working,57600.0,15.1,2,4,4,0,0
ACC-11491,Female,38,Married,Own House,Secondary / Secondary Special,Pensioner,51800.0,5.4,1,1,1,0,1
ACC-11492,Female,33,Separated,Own House,Secondary / Secondary Special,Commercial Associate,101500.0,0.5,2,2,2,2,0
ACC-11493,Female,36,Separated,Own House,Higher Education,Working,68000.0,13.9,2,0,5,0,1
ACC-11494,Male,29,Married,Rented Apartment,Secondary / Secondary Special,Working,43900.0,7.5,1,0,2,0,1
ACC-11495,Male,32,Married,Rented Apartment,Secondary / Secondary Special,Working,68000.0,1.9,1,1,0,0,1
ACC-11496,Male,64,Married,Own House,Higher Education,Working,88200.0,16.8,3,1,0,0,1
ACC-11497,Female,58,Married,Rented Apartment,Secondary / Secondary Special,Commercial Associate,96400.0,25.3,4,0,1,1,1
ACC-11498,Female,39,Single,Own House,Incomplete Higher,State Servant,65200.0,12.6,4,0,0,1,1
ACC-11499,Male,27,Married,Own House,Academic Degree,Commercial Associate,163300.0,6.1,2,0,4,4,0
ACC-11500,Female,55,Married,Own House,Secondary / Secondary Special,Commercial Associate,45100.0,5.3,1,1,1,0,1
ACC-11501,Female,38,Married,Own House,Secondary / Secondary Special,Commercial Associate,98500.0,8.0,3,0,1,0,1
ACC-11502,Female,36,Separated,Own House,Secondary / Secondary Special,Pensioner,49400.0,2.0,1,0,2,0,0
ACC-11503,Female,59,Single,Own House,Higher Education,Pensioner,39100.0,15.5,3,0,1,0,1
ACC-11504,Female,24,Married,Own House,Secondary / Secondary Special,Working,19500.0,0.6,3,1,1,3,0
ACC-11505,Female,45,Married,Own House,Higher Education,Working,65200.0,22.5,3,0,0,0,1
ACC-11506,Male,52,Separated,Own House,Higher Education,Working,116600.0,17.1,5,3,1,0,1
ACC-11507,Female,60,Single,Own House,Secondary / Secondary Special,Working,89100.0,34.1,3,0,3,0,1
ACC-11508,Male,33,Married,Own House,Higher Education,Commercial Associate,102200.0,1.2,3,3,2,0,1
ACC-11509,Male,65,Married,Own House,Higher Education,Working,82000.0,10.6,2,1,1,0,1
ACC-11510,Male,37,Married,Own House,Secondary / Secondary Special,Working,46200.0,4.8,4,0,0,1,1
ACC-11511,Male,57,Married,With Parents,Higher Education,Working,85900.0,14.6,1,0,2,0,1
ACC-11512,Male,26,Single,Rented Apartment,Higher Education,Working,79600.0,4.9,4,1,4,2,0
ACC-11513,Female,39,Civil Union,With Parents,Secondary / Secondary Special,State Servant,102600.0,7.7,2,1,1,0,1
ACC-11514,Female,33,Married,Own House,Secondary / Secondary Special,Commercial Associate,52800.0,3.1,1,1,2,0,0
ACC-11515,Female,46,Single,Own House,Secondary / Secondary Special,Commercial Associate,88600.0,2.2,3,0,1,0,1
ACC-11516,Male,34,Married,Rented Apartment,Secondary / Secondary Special,Working,103700.0,1.6,1,3,1,0,0
ACC-11517,Male,51,Single,Own House,Incomplete Higher,Commercial Associate,97000.0,23.7,3,4,3,0,1
ACC-11518,Female,24,Single,Own House,Secondary / Secondary Special,Working,40300.0,2.1,2,1,0,0,1
ACC-11519,Male,59,Married,Own House,Higher Education,Commercial Associate,71100.0,28.5,4,1,1,0,1
ACC-11520,Female,28,Married,Rented Apartment,Secondary / Secondary Special,Working,71000.0,5.6,3,1,0,0,1
ACC-11521,Male,45,Single,Own House,Secondary / Secondary Special,Working,68300.0,3.8,3,0,0,0,1
ACC-11522,Female,33,Married,With Parents,Incomplete Higher,Working,92100.0,2.3,2,0,1,0,1
ACC-11523,Female,52,Married,With Parents,Higher Education,Working,102100.0,24.3,1,1,0,3,1
ACC-11524,Female,58,Married,Own House,Secondary / Secondary Special,Pensioner,34300.0,27.5,3,2,1,1,1
ACC-11525,Female,58,Separated,Rented Apartment,Secondary / Secondary Special,Working,52800.0,14.7,1,0,0,0,1
ACC-11526,Female,48,Married,Own House,Secondary / Secondary Special,Working,36300.0,2.6,2,1,2,0,1
ACC-11527,Female,50,Single,Rented Apartment,Secondary / Secondary Special,Working,67800.0,0.9,2,2,0,0,0
ACC-11528,Male,23,Married,Own House,Secondary / Secondary Special,State Servant,34100.0,1.2,2,0,2,0,0
ACC-11529,Female,48,Single,Rented Apartment,Secondary / Secondary Special,Working,85000.0,0.8,1,0,1,0,1
ACC-11530,Female,23,Single,Own House,Incomplete Higher,Commercial Associate,93000.0,1.1,1,2,5,0,0
ACC-11531,Male,65,Civil Union,With Parents,Secondary / Secondary Special,State Servant,77300.0,19.2,1,0,3,0,1
ACC-11532,Male,54,Married,Own House,Higher Education,Working,60900.0,4.6,4,0,0,0,1
ACC-11533,Female,36,Single,Own House,Higher Education,Working,86700.0,2.1,1,0,0,1,1
ACC-11534,Female,42,Single,Rented Apartment,Secondary / Secondary Special,Working,56400.0,19.8,5,0,2,0,1
ACC-11535,Female,52,Married,Rented Apartment,Higher Education,State Servant,92300.0,18.9,1,2,1,0,1
ACC-11536,Female,58,Married,Own House,Secondary / Secondary Special,Working,76600.0,35.5,1,1,0,1,1
ACC-11537,Male,28,Married,Own House,Higher Education,Working,78700.0,3.1,2,1,0,1,1
ACC-11538,Female,28,Married,Own House,Secondary / Secondary Special,Commercial Associate,69500.0,5.6,1,1,1,0,1
ACC-11539,Female,26,Civil Union,Municipal Housing,Secondary / Secondary Special,Commercial Associate,95000.0,1.6,2,3,3,1,0
ACC-11540,Male,34,Married,Rented Apartment,Higher Education,Working,65200.0,8.8,4,0,3,0,1
ACC-11541,Female,52,Married,Rented Apartment,Secondary / Secondary Special,Commercial Associate,63600.0,4.6,1,0,0,0,1
ACC-11542,Male,55,Single,Own House,Higher Education,Working,90100.0,0.6,3,3,1,0,1
ACC-11543,Female,30,Married,Own House,Incomplete Higher,Working,84800.0,9.3,2,3,0,1,1
ACC-11544,Male,23,Married,Own House,Secondary / Secondary Special,Working,43700.0,1.9,1,0,1,0,1
ACC-11545,Female,32,Married,Rented Apartment,Secondary / Secondary Special,Pensioner,84400.0,11.2,1,0,2,0,1
ACC-11546,Male,51,Separated,Own House,Secondary / Secondary Special,Working,35300.0,10.7,4,1,2,0,1
ACC-11547,Male,49,Single,With Parents,Higher Education,State Servant,124100.0,9.8,1,0,1,0,1
ACC-11548,Female,25,Civil Union,Own House,Higher Education,Commercial Associate,131400.0,2.3,4,1,0,0,1
ACC-11549,Male,45,Married,Own House,Secondary / Secondary Special,Working,33500.0,17.8,2,0,1,0,1
ACC-11550,Male,61,Single,Own House,Secondary / Secondary Special,Commercial Associate,44100.0,23.4,1,0,4,0,1
ACC-11551,Male,51,Married,Own House,Higher Education,Working,105800.0,28.7,2,1,0,0,1
ACC-11552,Male,41,Married,Own House,Secondary / Secondary Special,Pensioner,36700.0,1.0,3,3,0,0,1
ACC-11553,Male,40,Married,Own House,Higher Education,State Servant,67800.0,14.3,3,1,2,1,0
ACC-11554,Female,59,Single,Own House,Higher Education,Working,129900.0,13.2,2,0,2,0,1
ACC-11555,Female,42,Married,Rented Apartment,Incomplete Higher,Working,38700.0,4.4,4,4,3,0,0
ACC-11556,Male,24,Married,Own House,Secondary / Secondary Special,Working,49000.0,2.3,1,1,1,3,0
ACC-11557,Female,33,Married,Own House,Secondary / Secondary Special,Working,51600.0,6.8,4,0,1,0,1
ACC-11558,Male,65,Married,Own House,Secondary / Secondary Special,Working,18000.0,6.6,3,0,1,0,1
ACC-11559,Male,62,Single,Own House,Secondary / Secondary Special,Working,67000.0,8.9,3,0,4,0,0
ACC-11560,Female,40,Married,Rented Apartment,Incomplete Higher,Commercial Associate,59900.0,8.5,3,1,2,0,1
ACC-11561,Female,33,Single,Own House,Secondary / Secondary Special,Working,82800.0,5.6,2,1,3,0,0
ACC-11562,Male,37,Married,Rented Apartment,Higher Education,State Servant,110700.0,5.7,3,0,0,0,1
ACC-11563,Female,56,Single,Own House,Secondary / Secondary Special,State Servant,70100.0,5.8,2,0,2,0,1
ACC-11564,Male,53,Single,Own House,Secondary / Secondary Special,Working,70300.0,0.6,2,0,1,0,1
ACC-11565,Female,21,Married,Own House,Secondary / Secondary Special,State Servant,68600.0,1.0,2,1,0,0,1
ACC-11566,Male,35,Married,Own House,Higher Education,Working,74600.0,14.2,2,0,0,1,1
ACC-11567,Female,33,Single,Own House,Secondary / Secondary Special,Working,51500.0,6.5,2,0,2,1,0
ACC-11568,Male,37,Single,Rented Apartment,Secondary / Secondary Special,Commercial Associate,109100.0,16.9,2,3,1,0,1
ACC-11569,Female,44,Married,Own House,Higher Education,Working,106200.0,16.3,1,1,3,0,1
ACC-11570,Male,28,Married,Own House,Secondary / Secondary Special,Commercial Associate,84500.0,1.0,2,0,2,0,0
ACC-11571,Female,47,Civil Union,Own House,Secondary / Secondary Special,State Servant,78200.0,3.6,4,1,0,0,1
ACC-11572,Male,65,Single,Own House,Secondary / Secondary Special,Pensioner,43700.0,41.3,2,0,2,1,1
ACC-11573,Male,43,Married,Own House,Secondary / Secondary Special,Commercial Associate,84100.0,14.7,3,1,0,0,1
ACC-11574,Female,28,Married,Own House,Incomplete Higher,Commercial Associate,93100.0,6.8,1,1,1,0,1
ACC-11575,Female,28,Married,Own House,Secondary / Secondary Special,Working,19400.0,7.2,2,1,1,0,1
ACC-11576,Female,46,Single,Own House,Secondary / Secondary Special,Working,84900.0,11.9,1,1,3,0,1
ACC-11577,Male,33,Married,Rented Apartment,Secondary / Secondary Special,Commercial Associate,98400.0,1.1,1,0,1,0,1
ACC-11578,Male,59,Separated,With Parents,Higher Education,Working,72800.0,7.7,2,1,2,0,1
ACC-11579,Female,57,Married,Own House,Secondary / Secondary Special,Working,92400.0,2.9,2,0,2,0,1
ACC-11580,Female,48,Married,Own House,Higher Education,Working,41200.0,5.7,1,0,1,2,0
ACC-11581,Female,45,Married,Municipal Housing,Secondary / Secondary Special,Commercial Associate,87800.0,10.6,2,3,1,0,1
ACC-11582,Male,36,Civil Union,Own House,Secondary / Secondary Special,Working,65900.0,2.3,4,1,2,1,0
ACC-11583,Female,22,Single,Own House,Higher Education,Commercial Associate,98200.0,0.8,1,3,0,1,0
ACC-11584,Male,38,Married,Own House,Secondary / Secondary Special,Working,65400.0,8.3,1,0,3,0,1
ACC-11585,Female,37,Single,Own House,Higher Education,Working,102800.0,6.1,3,1,2,0,1
ACC-11586,Male,50,Single,Own House,Secondary / Secondary Special,Working,25300.0,14.3,1,0,0,0,1
ACC-11587,Female,59,Married,Municipal Housing,Higher Education,Working,112000.0,17.0,5,1,5,0,1
ACC-11588,Female,33,Married,Rented Apartment,Secondary / Secondary Special,State Servant,56000.0,8.6,2,0,0,0,1
ACC-11589,Male,52,Married,Rented Apartment,Higher Education,Working,112300.0,30.0,2,0,3,0,1
ACC-11590,Male,49,Married,Rented Apartment,Secondary / Secondary Special,Working,79200.0,3.6,2,0,0,0,1
ACC-11591,Male,50,Civil Union,Own House,Secondary / Secondary Special,Commercial Associate,70500.0,3.4,2,1,2,1,0
ACC-11592,Female,38,Married,Own House,Secondary / Secondary Special,Working,63300.0,15.4,1,0,1,3,0
ACC-11593,Female,33,Separated,With Parents,Secondary / Secondary Special,Working,64500.0,6.8,4,2,2,0,1
ACC-11594,Male,63,Married,Municipal Housing,Secondary / Secondary Special,Working,100300.0,33.1,2,0,0,0,1
ACC-11595,Male,41,Single,Own House,Secondary / Secondary Special,Pensioner,19900.0,4.9,1,0,0,1,0
ACC-11596,Female,50,Married,With Parents,Secondary / Secondary Special,Commercial Associate,70400.0,25.0,2,0,0,0,1
ACC-11597,Female,41,Married,Own House,Higher Education,Working,55200.0,19.4,1,4,3,0,1
ACC-11598,Female,37,Married,Own House,Higher Education,Working,92700.0,11.0,1,0,0,0,1
ACC-11599,Male,60,Married,Own House,Higher Education,Working,76300.0,4.7,2,0,2,2,0
ACC-11600,Female,39,Single,Own House,Secondary / Secondary Special,Working,54000.0,17.1,2,2,2,0,1
ACC-11601,Female,35,Married,Own House,Secondary / Secondary Special,Commercial Associate,112700.0,12.0,2,0,3,0,1
ACC-11602,Female,29,Single,Own House,Secondary / Secondary Special,State Servant,46900.0,6.9,1,1,0,0,1
ACC-11603,Female,30,Married,Own House,Higher Education,Working,86500.0,0.8,2,0,3,1,0
ACC-11604,Female,64,Married,Own House,Secondary / Secondary Special,State Servant,54900.0,35.3,1,1,0,2,1
ACC-11605,Female,51,Married,Own House,Secondary / Secondary Special,Working,56300.0,4.7,2,0,2,0,1
ACC-11606,Female,43,Civil Union,Municipal Housing,Higher Education,Working,151000.0,5.5,2,1,2,2,1
ACC-11607,Male,50,Single,Own House,Secondary / Secondary Special,Working,26800.0,17.5,3,2,0,0,1
ACC-11608,Female,53,Married,Own House,Higher Education,Working,104200.0,9.1,4,2,0,0,1
ACC-11609,Female,29,Married,Own House,Higher Education,Pensioner,123400.0,6.1,4,1,1,2,1
ACC-11610,Male,21,Married,Own House,Secondary / Secondary Special,Working,88700.0,0.8,5,3,1,0,0
ACC-11611,Male,64,Separated,Rented Apartment,Secondary / Secondary Special,Working,66000.0,5.2,5,0,3,0,0
ACC-11612,Female,55,Single,Own House,Secondary / Secondary Special,Pensioner,19200.0,23.1,3,0,1,0,1
ACC-11613,Female,31,Married,Rented Apartment,Higher Education,State Servant,118700.0,10.2,5,1,4,1,0
ACC-11614,Female,54,Single,Own House,Secondary / Secondary Special,Commercial Associate,100600.0,5.9,4,1,1,1,1
ACC-11615,Male,36,Married,Own House,Higher Education,Pensioner,36300.0,9.8,3,0,4,1,0
ACC-11616,Male,29,Separated,Own House,Secondary / Secondary Special,Working,58000.0,3.4,1,1,2,0,1
ACC-11617,Male,52,Married,Own House,Secondary / Secondary Special,State Servant,38500.0,15.0,1,0,2,1,1
ACC-11618,Male,35,Single,Own House,Secondary / Secondary Special,Commercial Associate,18000.0,4.7,3,1,0,0,1
ACC-11619,Male,32,Married,Own House,Higher Education,State Servant,63000.0,4.6,2,2,1,0,1
ACC-11620,Female,53,Single,Own House,Secondary / Secondary Special,State Servant,67300.0,1.4,3,1,0,1,1
ACC-11621,Female,65,Single,Own House,Higher Education,Working,102800.0,44.2,2,0,0,0,1
ACC-11622,Male,34,Single,Municipal Housing,Secondary / Secondary Special,State Servant,57900.0,8.9,2,1,1,0,1
ACC-11623,Male,28,Single,Own House,Secondary / Secondary Special,Working,95200.0,4.3,3,1,2,0,1
ACC-11624,Female,28,Civil Union,Own House,Higher Education,Working,112600.0,3.4,4,0,0,0,1
ACC-11625,Male,47,Married,Own House,Higher Education,Working,87200.0,14.8,1,1,1,0,1
ACC-11626,Female,32,Married,Own House,Secondary / Secondary Special,Pensioner,39400.0,4.9,4,3,1,0,1
ACC-11627,Female,21,Married,Own House,Secondary / Secondary Special,Working,73400.0,0.7,3,0,0,0,1
ACC-11628,Female,63,Separated,With Parents,Higher Education,Commercial Associate,104600.0,20.2,2,0,1,0,1
ACC-11629,Female,60,Married,Municipal Housing,Secondary / Secondary Special,Working,33600.0,11.4,2,0,2,1,0
ACC-11630,Male,62,Single,Own House,Secondary / Secondary Special,Pensioner,38500.0,8.0,1,1,0,0,1
ACC-11631,Female,31,Single,Own House,Higher Education,Working,104600.0,6.3,1,3,2,0,1
ACC-11632,Male,59,Married,Own House,Secondary / Secondary Special,State Servant,93900.0,32.9,2,1,1,0,1
ACC-11633,Male,63,Married,Own House,Secondary / Secondary Special,State Servant,86100.0,7.0,1,0,3,1,0
ACC-11634,Male,51,Married,Own House,Secondary / Secondary Special,Working,72400.0,1.5,1,1,0,0,1
ACC-11635,Female,37,Married,Own House,Higher Education,Working,122100.0,4.6,3,1,3,0,1
ACC-11636,Female,53,Married,Own House,Higher Education,Commercial Associate,114300.0,32.3,2,1,0,2,1
ACC-11637,Female,52,Married,Rented Apartment,Secondary / Secondary Special,Pensioner,43100.0,26.6,2,0,1,0,1
ACC-11638,Male,49,Civil Union,Own House,Secondary / Secondary Special,Commercial Associate,112500.0,17.5,1,1,0,2,1
ACC-11639,Male,41,Separated,Own House,Secondary / Secondary Special,Working,80800.0,19.5,3,1,3,0,1
ACC-11640,Female,41,Married,Rented Apartment,Higher Education,State Servant,118600.0,9.6,4,0,2,0,1
ACC-11641,Male,60,Married,Own House,Secondary / Secondary Special,Working,38900.0,39.3,2,1,0,0,1
ACC-11642,Female,43,Married,With Parents,Incomplete Higher,Commercial Associate,61100.0,7.2,4,4,0,0,1
ACC-11643,Male,26,Single,Own House,Secondary / Secondary Special,State Servant,47000.0,1.8,3,0,0,2,0
ACC-11644,Female,42,Single,Rented Apartment,Academic Degree,Working,114000.0,14.2,3,3,0,3,0
ACC-11645,Male,58,Married,Rented Apartment,Secondary / Secondary Special,State Servant,105100.0,14.7,3,0,1,3,0
ACC-11646,Female,57,Married,Own House,Higher Education,Commercial Associate,79900.0,23.4,1,1,2,1,1
ACC-11647,Male,65,Single,Rented Apartment,Secondary / Secondary Special,State Servant,84900.0,14.1,2,0,4,1,0
ACC-11648,Male,28,Single,Own House,Secondary / Secondary Special,Working,38500.0,5.1,1,0,4,0,0
ACC-11649,Male,61,Married,With Parents,Higher Education,Working,136600.0,11.7,1,1,2,1,1
ACC-11650,Female,55,Single,Own House,Higher Education,State Servant,54900.0,2.3,1,1,0,0,1
ACC-11651,Female,31,Married,Own House,Secondary / Secondary Special,Working,81300.0,10.1,4,2,1,0,1
ACC-11652,Female,44,Married,Own House,Higher Education,Working,109400.0,21.3,1,1,1,0,1
ACC-11653,Female,41,Single,Municipal Housing,Secondary / Secondary Special,Pensioner,58600.0,20.4,5,1,1,1,1
ACC-11654,Female,22,Single,Own House,Higher Education,Working,70700.0,1.6,2,3,1,0,1
ACC-11655,Male,60,Married,Municipal Housing,Secondary / Secondary Special,Pensioner,21800.0,27.5,1,1,4,1,1
ACC-11656,Male,39,Separated,With Parents,Secondary / Secondary Special,Working,93000.0,10.8,2,0,3,0,1
ACC-11657,Female,59,Married,Own House,Secondary / Secondary Special,Working,88100.0,5.3,1,0,0,0,1
ACC-11658,Female,48,Single,Rented Apartment,Secondary / Secondary Special,Commercial Associate,102800.0,5.7,5,0,0,3,0
ACC-11659,Female,37,Married,Municipal Housing,Higher Education,Commercial Associate,130400.0,5.3,3,1,3,0,1
ACC-11660,Male,26,Civil Union,Own House,Secondary / Secondary Special,Commercial Associate,46200.0,5.4,1,0,2,2,0
ACC-11661,Female,39,Civil Union,Own House,Secondary / Secondary Special,Commercial Associate,45500.0,3.7,4,0,0,0,1
ACC-11662,Male,58,Married,Own House,Secondary / Secondary Special,State Servant,50200.0,35.1,3,0,2,0,1
ACC-11663,Female,48,Civil Union,Own House,Higher Education,Working,79400.0,14.9,1,1,2,1,1
ACC-11664,Male,22,Single,Own House,Secondary / Secondary Special,Working,52100.0,1.6,3,0,1,0,0
ACC-11665,Male,58,Single,Own House,Secondary / Secondary Special,Working,71100.0,4.6,2,0,0,0,1
ACC-11666,Female,57,Married,Own House,Incomplete Higher,Commercial Associate,104500.0,10.3,1,1,3,0,1
ACC-11667,Male,24,Single,Own House,Secondary / Secondary Special,Working,58500.0,3.9,3,2,2,0,1
ACC-11668,Female,42,Single,Own House,Higher Education,Working,72100.0,6.2,1,0,0,0,1
ACC-11669,Male,46,Married,With Parents,Higher Education,Working,107900.0,8.1,2,1,2,0,1
ACC-11670,Female,63,Separated,Rented Apartment,Secondary / Secondary Special,Working,58800.0,8.9,1,0,2,2,0
ACC-11671,Male,56,Married,Own House,Incomplete Higher,Working,67400.0,5.1,5,3,3,0,0
ACC-11672,Male,33,Married,Rented Apartment,Higher Education,Commercial Associate,97700.0,3.4,3,0,0,0,1
ACC-11673,Male,52,Married,Rented Apartment,Secondary / Secondary Special,Working,72500.0,20.7,1,4,5,2,0
ACC-11674,Male,37,Married,Municipal Housing,Secondary / Secondary Special,State Servant,42700.0,8.0,2,4,0,2,0
ACC-11675,Female,61,Single,Own House,Higher Education,Commercial Associate,121000.0,22.9,1,2,1,0,1
ACC-11676,Female,56,Married,Own House,Secondary / Secondary Special,Working,64300.0,4.8,3,0,2,0,1
ACC-11677,Female,39,Separated,With Parents,Higher Education,Commercial Associate,88200.0,15.3,1,1,1,0,1
ACC-11678,Female,55,Married,With Parents,Secondary / Secondary Special,Working,76700.0,27.6,3,0,1,0,1
ACC-11679,Male,60,Married,Rented Apartment,Secondary / Secondary Special,State Servant,48200.0,1.4,4,2,3,0,0
ACC-11680,Female,48,Married,Rented Apartment,Secondary / Secondary Special,Pensioner,29100.0,11.0,3,2,1,1,0
ACC-11681,Male,21,Married,Own House,Secondary / Secondary Special,Commercial Associate,53600.0,0.5,1,4,1,0,0
ACC-11682,Male,62,Civil Union,Own House,Secondary / Secondary Special,Commercial Associate,42500.0,33.4,2,1,0,0,1
ACC-11683,Male,38,Single,Own House,Higher Education,Working,101800.0,13.4,2,1,0,0,1
ACC-11684,Female,60,Single,Own House,Higher Education,Working,115600.0,36.1,2,1,0,0,1
ACC-11685,Male,53,Married,Rented Apartment,Higher Education,State Servant,80100.0,8.2,3,0,4,0,1
ACC-11686,Male,32,Married,Own House,Higher Education,Working,72400.0,5.7,2,1,2,1,0
ACC-11687,Female,28,Married,Own House,Higher Education,Working,50100.0,1.9,2,1,4,0,0
ACC-11688,Male,44,Married,With Parents,Secondary / Secondary Special,Working,18000.0,9.2,4,3,0,0,1
ACC-11689,Male,36,Married,Own House,Higher Education,Commercial Associate,121000.0,8.6,1,1,2,0,1
ACC-11690,Female,24,Single,Municipal Housing,Secondary / Secondary Special,Working,21600.0,0.7,2,2,0,0,0
ACC-11691,Female,58,Married,Municipal Housing,Incomplete Higher,Pensioner,19800.0,27.3,3,2,2,0,1
ACC-11692,Female,64,Single,Own House,Higher Education,Working,96200.0,24.1,1,1,1,0,1
ACC-11693,Female,47,Married,Own House,Secondary / Secondary Special,Working,67000.0,22.5,3,0,0,0,1
ACC-11694,Female,29,Married,Own House,Secondary / Secondary Special,Commercial Associate,87100.0,2.8,3,1,1,2,0
ACC-11695,Female,36,Single,Own House,Secondary / Secondary Special,Working,65200.0,14.5,3,1,0,0,1
ACC-11696,Female,32,Married,Own House,Secondary / Secondary Special,Commercial Associate,72100.0,12.0,1,0,2,0,1
ACC-11697,Female,51,Civil Union,Own House,Secondary / Secondary Special,Working,40000.0,28.5,1,0,2,0,1
ACC-11698,Male,44,Single,Municipal Housing,Secondary / Secondary Special,Working,51000.0,18.8,2,4,2,0,1
ACC-11699,Female,34,Married,Own House,Secondary / Secondary Special,Working,58600.0,11.5,1,0,6,0,0
ACC-11700,Male,65,Separated,Rented Apartment,Incomplete Higher,Pensioner,18000.0,26.0,5,1,1,0,1
ACC-11701,Female,45,Married,Own House,Higher Education,Commercial Associate,87700.0,5.2,3,2,1,0,1
ACC-11702,Female,54,Married,Own House,Higher Education,State Servant,81800.0,23.2,2,1,2,0,1
ACC-11703,Female,23,Single,With Parents,Higher Education,Working,74800.0,2.3,4,1,1,0,0
ACC-11704,Female,44,Married,Own House,Secondary / Secondary Special,Commercial Associate,72500.0,23.7,3,1,0,0,1
ACC-11705,Female,62,Single,Own House,Secondary / Secondary Special,Working,79700.0,23.0,2,1,3,0,1
ACC-11706,Male,29,Single,Rented Apartment,Higher Education,Pensioner,87400.0,2.8,2,0,0,1,1
ACC-11707,Female,46,Separated,Rented Apartment,Incomplete Higher,Commercial Associate,113200.0,17.9,1,3,0,0,1
ACC-11708,Male,40,Married,Rented Apartment,Secondary / Secondary Special,Commercial Associate,46800.0,19.6,5,1,0,0,1
ACC-11709,Male,60,Married,Own House,Higher Education,Working,80700.0,7.5,2,1,0,1,1
ACC-11710,Female,30,Single,Own House,Incomplete Higher,Commercial Associate,107000.0,3.6,4,1,0,0,1
ACC-11711,Female,39,Married,Municipal Housing,Higher Education,Working,51600.0,10.5,2,0,0,0,1
ACC-11712,Male,23,Married,With Parents,Incomplete Higher,Pensioner,19100.0,0.9,4,3,1,0,0
ACC-11713,Female,44,Married,Own House,Secondary / Secondary Special,Working,51500.0,1.0,1,2,0,0,0
ACC-11714,Female,25,Married,Rented Apartment,Incomplete Higher,Working,110000.0,2.0,5,0,0,1,0
ACC-11715,Male,23,Married,Own House,Higher Education,Working,68600.0,2.7,4,4,2,0,0
ACC-11716,Female,47,Single,Own House,Secondary / Secondary Special,Working,88800.0,1.7,2,1,0,0,1
ACC-11717,Male,36,Single,Own House,Higher Education,Working,89400.0,7.1,3,1,0,0,1
ACC-11718,Male,35,Married,Own House,Secondary / Secondary Special,State Servant,39800.0,11.6,3,1,1,0,1
ACC-11719,Female,55,Married,Own House,Secondary / Secondary Special,Commercial Associate,141600.0,33.4,4,0,0,0,1
ACC-11720,Female,32,Married,Own House,Secondary / Secondary Special,State Servant,69300.0,11.8,2,1,0,0,1
ACC-11721,Female,61,Civil Union,Own House,Secondary / Secondary Special,State Servant,73300.0,17.6,2,0,1,0,1
ACC-11722,Female,64,Married,Rented Apartment,Secondary / Secondary Special,Working,76800.0,41.8,4,1,2,0,1
ACC-11723,Female,46,Single,Rented Apartment,Higher Education,Commercial Associate,115100.0,1.4,3,1,1,0,1
ACC-11724,Male,54,Married,Own House,Secondary / Secondary Special,Working,112300.0,25.5,2,2,4,3,0
ACC-11725,Female,43,Single,With Parents,Secondary / Secondary Special,Pensioner,84300.0,15.0,3,1,1,2,0
ACC-11726,Female,51,Married,Own House,Secondary / Secondary Special,Working,44500.0,8.1,1,0,1,4,0
ACC-11727,Male,40,Single,Own House,Secondary / Secondary Special,Working,109400.0,10.4,3,2,0,0,1
ACC-11728,Male,32,Married,Rented Apartment,Higher Education,Working,74600.0,2.0,1,1,2,0,0
ACC-11729,Male,43,Single,Own House,Higher Education,Working,97100.0,20.1,2,1,0,0,1
ACC-11730,Female,24,Married,Own House,Incomplete Higher,Working,33100.0,1.8,2,0,1,0,1
ACC-11731,Male,43,Single,Own House,Higher Education,Working,112800.0,14.6,2,2,1,0,1
ACC-11732,Female,21,Civil Union,With Parents,Secondary / Secondary Special,State Servant,58200.0,0.6,2,3,2,0,0
ACC-11733,Female,45,Married,Own House,Incomplete Higher,State Servant,39700.0,5.6,2,2,3,0,0
ACC-11734,Female,22,Civil Union,With Parents,Higher Education,Working,116100.0,2.0,2,3,4,0,0
ACC-11735,Male,50,Single,Own House,Secondary / Secondary Special,Working,96600.0,22.7,1,0,0,0,1
ACC-11736,Female,23,Married,Rented Apartment,Higher Education,State Servant,122300.0,2.9,3,2,0,0,1
ACC-11737,Female,41,Married,Rented Apartment,Incomplete Higher,Working,31500.0,6.6,2,1,2,0,1
ACC-11738,Female,45,Married,Rented Apartment,Higher Education,State Servant,124600.0,4.5,2,0,1,0,1
ACC-11739,Female,40,Single,Own House,Secondary / Secondary Special,Working,58400.0,10.3,2,1,1,0,1
ACC-11740,Male,42,Single,Own House,Higher Education,Commercial Associate,150100.0,11.1,4,1,2,1,1
ACC-11741,Male,41,Married,Rented Apartment,Secondary / Secondary Special,Commercial Associate,93700.0,4.1,3,0,1,0,1
ACC-11742,Male,53,Married,Own House,Secondary / Secondary Special,Commercial Associate,85500.0,24.3,1,0,5,1,1
ACC-11743,Female,58,Single,Own House,Secondary / Secondary Special,State Servant,65200.0,14.1,3,0,1,0,1
ACC-11744,Female,35,Civil Union,Own House,Secondary / Secondary Special,Working,64700.0,3.2,5,0,1,0,1
ACC-11745,Female,35,Married,With Parents,Secondary / Secondary Special,Working,50100.0,5.3,2,0,1,0,0
ACC-11746,Female,45,Separated,Own House,Secondary / Secondary Special,Commercial Associate,56500.0,14.3,5,0,2,3,0
ACC-11747,Female,41,Married,Own House,Higher Education,State Servant,82000.0,15.4,2,0,1,0,1
ACC-11748,Male,44,Married,Own House,Higher Education,Working,116200.0,11.8,2,3,1,0,1
ACC-11749,Female,25,Single,Own House,Academic Degree,State Servant,79300.0,2.9,2,2,5,0,0
ACC-11750,Female,26,Married,Rented Apartment,Secondary / Secondary Special,Working,94500.0,1.3,3,0,1,0,1
ACC-11751,Female,63,Married,Own House,Secondary / Secondary Special,Working,68200.0,39.4,1,3,1,0,1
ACC-11752,Female,64,Married,Own House,Incomplete Higher,Commercial Associate,97200.0,40.9,1,1,2,0,1
ACC-11753,Female,43,Single,Rented Apartment,Secondary / Secondary Special,Working,83300.0,15.9,1,1,2,0,1
ACC-11754,Male,24,Single,Rented Apartment,Higher Education,Working,110400.0,0.6,2,1,0,0,1
ACC-11755,Male,47,Married,Own House,Higher Education,Working,90500.0,14.7,2,1,1,1,1
ACC-11756,Male,38,Married,With Parents,Secondary / Secondary Special,Working,66200.0,11.5,2,0,2,0,1
ACC-11757,Female,41,Married,Rented Apartment,Higher Education,Commercial Associate,124700.0,20.9,2,0,1,0,1
ACC-11758,Female,48,Married,With Parents,Higher Education,Commercial Associate,82100.0,27.9,5,1,2,2,1
ACC-11759,Female,55,Married,Own House,Secondary / Secondary Special,Working,38700.0,30.1,2,1,1,0,1
ACC-11760,Female,42,Single,Own House,Secondary / Secondary Special,Working,54800.0,1.9,2,2,5,0,0
ACC-11761,Male,60,Married,With Parents,Secondary / Secondary Special,Working,71300.0,38.2,1,0,0,0,1
ACC-11762,Female,43,Married,With Parents,Secondary / Secondary Special,Working,107300.0,14.3,2,1,0,0,1
ACC-11763,Female,23,Married,Own House,Secondary / Secondary Special,Pensioner,46100.0,2.5,1,1,1,0,1
ACC-11764,Female,60,Married,Own House,Secondary / Secondary Special,State Servant,109000.0,16.6,2,3,1,2,1
ACC-11765,Female,30,Separated,Own House,Secondary / Secondary Special,Working,76300.0,3.5,3,0,0,0,1
ACC-11766,Male,45,Married,Own House,Higher Education,Working,80000.0,11.8,1,3,0,0,1
ACC-11767,Female,28,Married,Own House,Secondary / Secondary Special,Pensioner,70200.0,1.6,2,2,2,2,0
ACC-11768,Female,31,Married,Own House,Secondary / Secondary Special,Commercial Associate,74700.0,4.2,1,1,1,3,0
ACC-11769,Female,25,Married,With Parents,Secondary / Secondary Special,Commercial Associate,85500.0,4.4,3,1,1,0,1
ACC-11770,Female,65,Married,Own House,Secondary / Secondary Special,State Servant,35600.0,2.2,3,0,2,0,1
ACC-11771,Male,57,Married,Rented Apartment,Secondary / Secondary Special,Working,31800.0,6.0,1,3,2,0,0
ACC-11772,Male,65,Married,Own House,Secondary / Secondary Special,Working,77200.0,6.1,2,0,1,0,1
ACC-11773,Male,58,Married,Own House,Secondary / Secondary Special,Pensioner,69300.0,15.6,5,1,1,1,1
ACC-11774,Male,49,Married,Own House,Higher Education,Commercial Associate,147800.0,28.9,2,0,1,0,1
ACC-11775,Female,25,Married,Own House,Academic Degree,Working,92200.0,1.3,2,1,3,0,1
ACC-11776,Male,29,Separated,Rented Apartment,Secondary / Secondary Special,Working,97200.0,1.7,2,1,3,0,0
ACC-11777,Female,22,Married,With Parents,Secondary / Secondary Special,Working,93900.0,1.9,2,3,0,0,1
ACC-11778,Female,21,Married,Own House,Higher Education,Commercial Associate,94200.0,0.9,5,1,0,0,1
ACC-11779,Male,60,Married,Own House,Higher Education,Working,120500.0,1.8,5,4,0,1,1
ACC-11780,Female,50,Married,Own House,Secondary / Secondary Special,Working,85800.0,22.7,3,1,1,0,1
ACC-11781,Male,31,Single,With Parents,Higher Education,Pensioner,95100.0,7.4,2,0,1,0,1
ACC-11782,Female,48,Married,Rented Apartment,Secondary / Secondary Special,Working,112700.0,21.6,2,0,2,1,1
ACC-11783,Male,64,Single,Own House,Secondary / Secondary Special,Working,89200.0,22.0,2,1,0,0,1
ACC-11784,Male,32,Married,Rented Apartment,Higher Education,Working,43000.0,11.9,5,0,2,0,1
ACC-11785,Male,59,Married,Rented Apartment,Incomplete Higher,Working,72100.0,2.2,3,1,4,0,0
ACC-11786,Male,46,Single,Own House,Higher Education,Working,55500.0,6.5,2,0,2,0,1
ACC-11787,Male,33,Married,Own House,Secondary / Secondary Special,Pensioner,48300.0,5.5,1,1,0,0,1
ACC-11788,Female,28,Married,With Parents,Secondary / Secondary Special,State Servant,67100.0,3.9,2,1,1,1,0
ACC-11789,Female,48,Married,Rented Apartment,Secondary / Secondary Special,Working,52200.0,25.8,5,1,1,0,1
ACC-11790,Female,50,Single,Own House,Secondary / Secondary Special,Working,42400.0,17.0,2,0,3,0,1
ACC-11791,Male,29,Married,Own House,Higher Education,Commercial Associate,93300.0,0.9,1,0,1,0,1
ACC-11792,Female,59,Single,Own House,Higher Education,Working,82600.0,16.2,1,0,1,0,1
ACC-11793,Male,51,Married,Own House,Higher Education,Working,87100.0,13.2,2,0,1,0,1
ACC-11794,Female,41,Civil Union,Rented Apartment,Academic Degree,Pensioner,92300.0,20.3,4,1,1,0,1
ACC-11795,Female,54,Married,Own House,Secondary / Secondary Special,Working,77900.0,20.6,5,1,2,1,1
ACC-11796,Male,51,Single,Rented Apartment,Higher Education,Working,83100.0,19.9,4,0,0,0,1
ACC-11797,Female,45,Married,With Parents,Higher Education,Working,118200.0,18.0,3,1,1,0,1
ACC-11798,Female,32,Civil Union,Own House,Secondary / Secondary Special,Working,64200.0,9.4,2,1,0,0,1
ACC-11799,Female,21,Married,Own House,Higher Education,Working,110300.0,0.8,2,0,0,1,1
ACC-11800,Male,42,Married,Own House,Secondary / Secondary Special,Working,58300.0,5.6,2,1,2,0,0
ACC-11801,Male,60,Married,Rented Apartment,Higher Education,Working,150400.0,35.0,3,0,0,0,1
ACC-11802,Female,57,Married,Own House,Secondary / Secondary Special,Commercial Associate,90300.0,27.2,2,1,0,0,1
ACC-11803,Female,21,Married,Own House,Secondary / Secondary Special,Working,101000.0,0.9,3,2,2,0,0
ACC-11804,Female,21,Separated,With Parents,Higher Education,Working,74700.0,1.0,1,0,2,0,1
ACC-11805,Male,62,Separated,Own House,Higher Education,Commercial Associate,95200.0,33.8,2,1,0,1,1
ACC-11806,Male,62,Married,With Parents,Secondary / Secondary Special,State Servant,59500.0,34.9,3,1,1,4,1
ACC-11807,Female,41,Civil Union,Municipal Housing,Secondary / Secondary Special,Working,119400.0,20.0,4,0,0,0,1
ACC-11808,Female,35,Married,Own House,Secondary / Secondary Special,Working,60300.0,2.7,2,1,0,0,1
ACC-11809,Female,37,Married,Own House,Secondary / Secondary Special,Working,46900.0,8.7,1,1,1,0,1
ACC-11810,Male,42,Single,Municipal Housing,Higher Education,Commercial Associate,133600.0,13.0,4,1,0,0,1
ACC-11811,Male,58,Single,Municipal Housing,Incomplete Higher,Working,66300.0,12.8,3,1,6,0,0
ACC-11812,Female,55,Separated,Own House,Secondary / Secondary Special,Working,60200.0,29.5,2,2,0,0,1
ACC-11813,Female,65,Married,Own House,Higher Education,Working,76600.0,34.4,2,4,2,0,1
ACC-11814,Female,36,Single,Own House,Secondary / Secondary Special,Working,75800.0,11.7,2,1,2,0,1
ACC-11815,Male,28,Married,Municipal Housing,Higher Education,Working,113400.0,8.0,2,2,6,0,0
ACC-11816,Female,37,Married,Own House,Secondary / Secondary Special,Working,82300.0,4.8,4,0,1,0,1
ACC-11817,Male,37,Married,Own House,Secondary / Secondary Special,State Servant,54500.0,12.6,1,1,3,0,0
ACC-11818,Male,46,Separated,Rented Apartment,Higher Education,Commercial Associate,83300.0,14.6,1,0,4,0,1
ACC-11819,Female,33,Single,Own House,Secondary / Secondary Special,Working,18000.0,4.4,1,0,0,0,1
ACC-11820,Female,37,Single,Own House,Higher Education,Working,69200.0,3.1,2,1,1,0,1
ACC-11821,Female,58,Married,Own House,Higher Education,Working,81800.0,34.1,1,1,0,1,1
ACC-11822,Male,37,Married,With Parents,Secondary / Secondary Special,Working,63700.0,10.3,1,1,1,0,1
ACC-11823,Male,34,Married,Own House,Secondary / Secondary Special,State Servant,59000.0,11.6,1,1,1,0,1
ACC-11824,Male,65,Married,Rented Apartment,Higher Education,Pensioner,131600.0,24.8,1,1,0,0,1
ACC-11825,Female,26,Married,Rented Apartment,Higher Education,Working,100800.0,1.7,2,1,2,0,1
ACC-11826,Female,55,Single,Own House,Secondary / Secondary Special,Working,37800.0,12.1,1,0,0,0,1
ACC-11827,Male,34,Married,Own House,Secondary / Secondary Special,Working,79400.0,5.7,2,0,2,0,1
ACC-11828,Male,28,Married,Own House,Higher Education,Commercial Associate,113600.0,7.8,2,0,0,0,1
ACC-11829,Female,35,Married,Own House,Secondary / Secondary Special,Commercial Associate,56900.0,0.6,1,1,2,0,1
ACC-11830,Male,47,Married,Rented Apartment,Secondary / Secondary Special,State Servant,71400.0,26.6,2,0,0,0,1
ACC-11831,Male,33,Married,Rented Apartment,Secondary / Secondary Special,Commercial Associate,91700.0,12.8,5,0,0,0,1
ACC-11832,Male,51,Civil Union,Own House,Higher Education,Working,112500.0,30.9,4,1,2,0,1
ACC-11833,Male,55,Single,Own House,Higher Education,Commercial Associate,65900.0,16.9,1,1,0,0,1
ACC-11834,Male,26,Single,Own House,Academic Degree,Commercial Associate,139300.0,5.8,3,1,1,1,1
ACC-11835,Male,25,Married,Rented Apartment,Higher Education,Working,121000.0,2.3,2,0,3,0,1
ACC-11836,Female,42,Married,Own House,Incomplete Higher,Working,106500.0,1.1,1,1,0,4,0
ACC-11837,Female,43,Married,Own House,Secondary / Secondary Special,Commercial Associate,53000.0,5.5,2,2,2,0,0
ACC-11838,Male,45,Civil Union,Own House,Higher Education,Commercial Associate,101800.0,23.7,2,2,0,0,1
ACC-11839,Female,54,Single,Own House,Secondary / Secondary Special,Commercial Associate,78900.0,1.0,2,1,0,0,1
ACC-11840,Female,46,Married,Own House,Higher Education,Commercial Associate,119900.0,14.4,3,0,0,0,1
ACC-11841,Female,25,Married,Own House,Secondary / Secondary Special,Commercial Associate,76400.0,0.8,3,1,6,2,0
ACC-11842,Female,46,Married,Own House,Secondary / Secondary Special,Commercial Associate,64300.0,7.8,1,0,0,0,1
ACC-11843,Male,40,Single,Rented Apartment,Higher Education,Working,94800.0,2.2,2,0,3,0,0
ACC-11844,Male,26,Separated,Own House,Higher Education,Commercial Associate,97600.0,5.2,2,0,6,0,0
ACC-11845,Female,26,Married,Own House,Secondary / Secondary Special,Working,77400.0,3.8,2,2,1,0,1
ACC-11846,Female,38,Married,Own House,Higher Education,Working,72200.0,16.3,5,1,1,0,1
ACC-11847,Female,24,Married,Own House,Secondary / Secondary Special,Working,42500.0,2.9,3,1,2,0,0
ACC-11848,Male,37,Married,Own House,Secondary / Secondary Special,Commercial Associate,108900.0,16.5,5,1,1,0,1
ACC-11849,Male,34,Married,Own House,Higher Education,Commercial Associate,155000.0,7.4,3,0,0,0,1
ACC-11850,Female,34,Married,Own House,Secondary / Secondary Special,Pensioner,85100.0,9.1,2,1,1,0,1
ACC-11851,Male,33,Single,Own House,Incomplete Higher,Working,63400.0,7.7,2,1,2,1,1
ACC-11852,Male,27,Single,Own House,Secondary / Secondary Special,Working,88200.0,3.6,2,1,2,1,0
ACC-11853,Male,64,Married,Own House,Higher Education,Working,74900.0,37.3,2,2,0,0,1
ACC-11854,Male,35,Single,With Parents,Higher Education,Working,101200.0,9.8,3,0,0,2,1
ACC-11855,Female,39,Married,Own House,Secondary / Secondary Special,State Servant,52200.0,15.3,2,2,4,0,0
ACC-11856,Male,63,Married,Own House,Secondary / Secondary Special,Working,92600.0,33.9,2,1,0,0,1
ACC-11857,Female,64,Married,Own House,Higher Education,Commercial Associate,129700.0,8.8,3,1,2,0,1
ACC-11858,Male,55,Married,Own House,Higher Education,Commercial Associate,150700.0,22.9,4,1,0,0,1
ACC-11859,Male,37,Married,Own House,Secondary / Secondary Special,Working,60000.0,3.8,2,3,3,0,0
ACC-11860,Male,55,Married,Own House,Secondary / Secondary Special,State Servant,99700.0,20.6,3,0,3,0,1
ACC-11861,Male,39,Married,Rented Apartment,Secondary / Secondary Special,Working,76100.0,13.0,1,1,0,0,1
ACC-11862,Female,40,Separated,Own House,Secondary / Secondary Special,Working,66700.0,19.9,2,1,0,0,1
ACC-11863,Female,56,Married,Own House,Secondary / Secondary Special,State Servant,72400.0,1.6,1,0,1,0,1
ACC-11864,Male,55,Married,Rented Apartment,Secondary / Secondary Special,State Servant,102400.0,3.6,1,0,0,1,1
ACC-11865,Male,52,Married,With Parents,Higher Education,Working,87100.0,2.9,2,2,1,0,1
ACC-11866,Female,64,Single,Own House,Higher Education,Working,88200.0,17.8,2,0,2,0,1
ACC-11867,Female,60,Married,Own House,Incomplete Higher,Working,19600.0,33.0,3,0,0,0,1
ACC-11868,Female,44,Single,Own House,Higher Education,Working,86800.0,20.3,4,4,1,2,1
ACC-11869,Male,37,Married,Own House,Incomplete Higher,Pensioner,50800.0,12.7,1,1,2,0,1
ACC-11870,Male,27,Married,Own House,Secondary / Secondary Special,Commercial Associate,63200.0,6.3,3,0,1,0,1
ACC-11871,Female,63,Married,Own House,Higher Education,Working,67800.0,14.2,2,1,0,0,1
ACC-11872,Female,21,Married,Rented Apartment,Incomplete Higher,State Servant,24300.0,0.5,1,1,2,1,0
ACC-11873,Male,55,Married,Own House,Higher Education,Working,77100.0,2.5,3,2,2,0,0
ACC-11874,Male,52,Married,Own House,Secondary / Secondary Special,Working,96300.0,27.3,2,1,1,0,1
ACC-11875,Female,56,Single,Own House,Higher Education,Pensioner,37400.0,26.4,2,2,0,0,1
ACC-11876,Male,33,Married,Rented Apartment,Higher Education,State Servant,107400.0,9.2,4,0,0,3,0
ACC-11877,Female,26,Married,Own House,Higher Education,State Servant,109300.0,2.4,2,1,2,0,1
ACC-11878,Female,34,Separated,Own House,Secondary / Secondary Special,Working,119000.0,5.6,5,0,2,0,1
ACC-11879,Male,57,Married,Own House,Higher Education,State Servant,112800.0,35.5,2,0,2,0,1
ACC-11880,Male,35,Single,Own House,Academic Degree,Working,131000.0,1.4,1,1,0,0,1
ACC-11881,Male,24,Single,Own House,Secondary / Secondary Special,Commercial Associate,88100.0,3.2,2,0,1,0,1
ACC-11882,Male,60,Married,Own House,Higher Education,Pensioner,70000.0,12.7,1,1,2,1,1
ACC-11883,Male,36,Married,Own House,Secondary / Secondary Special,Working,83700.0,1.1,2,2,1,2,0
ACC-11884,Female,48,Married,Own House,Higher Education,State Servant,117500.0,20.9,3,0,0,0,1
ACC-11885,Female,36,Single,Own House,Higher Education,Working,93800.0,5.6,2,0,1,0,1
ACC-11886,Female,24,Single,Rented Apartment,Secondary / Secondary Special,Working,93400.0,3.0,1,1,2,0,0
ACC-11887,Female,65,Single,Own House,Secondary / Secondary Special,Commercial Associate,143400.0,32.0,2,3,0,0,1
ACC-11888,Male,46,Civil Union,Own House,Higher Education,Working,91600.0,14.1,1,1,1,0,1
ACC-11889,Male,48,Single,Own House,Secondary / Secondary Special,Commercial Associate,82200.0,21.9,3,1,1,0,1
ACC-11890,Female,52,Married,Own House,Secondary / Secondary Special,Working,63000.0,18.8,3,0,1,0,1
ACC-11891,Female,65,Married,Municipal Housing,Higher Education,Pensioner,72900.0,13.3,5,0,2,0,1
ACC-11892,Male,22,Single,Own House,Secondary / Secondary Special,Working,91900.0,1.6,1,1,1,1,0
ACC-11893,Female,51,Married,Own House,Secondary / Secondary Special,Working,66900.0,18.5,2,0,0,0,1
ACC-11894,Male,23,Married,Own House,Incomplete Higher,Working,69200.0,0.5,2,2,0,0,1
ACC-11895,Male,28,Single,With Parents,Secondary / Secondary Special,Pensioner,39500.0,7.3,4,1,1,2,0
ACC-11896,Male,44,Married,Rented Apartment,Secondary / Secondary Special,Commercial Associate,90800.0,13.3,2,1,0,2,0
ACC-11897,Female,35,Civil Union,Own House,Higher Education,Commercial Associate,93900.0,13.1,1,2,1,0,1
ACC-11898,Female,63,Single,Own House,Higher Education,Working,63000.0,38.0,2,2,2,0,1
ACC-11899,Male,51,Married,Own House,Higher Education,Working,99800.0,14.1,3,1,0,0,1
ACC-11900,Male,29,Separated,Own House,Higher Education,Working,133500.0,4.8,3,3,1,0,1
ACC-11901,Female,59,Married,Rented Apartment,Higher Education,Commercial Associate,98600.0,16.5,4,4,1,0,1
ACC-11902,Male,65,Married,Own House,Secondary / Secondary Special,Working,42100.0,20.5,1,3,0,2,1
ACC-11903,Female,22,Married,Own House,Secondary / Secondary Special,Pensioner,87100.0,1.8,5,2,1,0,1
ACC-11904,Male,28,Married,Rented Apartment,Secondary / Secondary Special,State Servant,66000.0,6.4,1,1,3,0,0
ACC-11905,Female,27,Married,Rented Apartment,Secondary / Secondary Special,Working,85800.0,1.3,5,1,1,0,0
ACC-11906,Male,64,Married,Own House,Higher Education,Working,74000.0,27.0,4,0,1,1,1
ACC-11907,Female,59,Married,Rented Apartment,Higher Education,State Servant,90200.0,38.8,3,0,0,0,1
ACC-11908,Female,62,Married,Own House,Secondary / Secondary Special,Working,95800.0,25.2,3,0,0,0,1
ACC-11909,Female,36,Single,With Parents,Higher Education,Working,92900.0,12.7,1,0,0,0,1
ACC-11910,Female,55,Single,Rented Apartment,Secondary / Secondary Special,Working,68200.0,27.0,1,1,2,0,1
ACC-11911,Male,50,Married,Own House,Secondary / Secondary Special,Commercial Associate,47300.0,10.8,1,0,1,0,1
ACC-11912,Male,30,Married,Rented Apartment,Higher Education,State Servant,107300.0,4.0,1,3,0,0,1
ACC-11913,Female,58,Married,With Parents,Secondary / Secondary Special,Working,47700.0,27.7,2,2,2,0,1
ACC-11914,Female,38,Married,Own House,Secondary / Secondary Special,Working,89600.0,9.2,1,0,0,0,1
ACC-11915,Male,25,Single,Own House,Secondary / Secondary Special,Working,69500.0,3.1,4,0,0,3,0
ACC-11916,Male,49,Single,Rented Apartment,Secondary / Secondary Special,Commercial Associate,86400.0,20.8,2,2,1,3,0
ACC-11917,Male,59,Married,Own House,Higher Education,Working,107000.0,30.4,3,2,0,0,1
ACC-11918,Female,54,Married,Own House,Higher Education,Working,98300.0,9.6,3,3,1,0,1
ACC-11919,Female,63,Married,With Parents,Secondary / Secondary Special,Pensioner,82800.0,6.7,2,4,0,0,1
ACC-11920,Male,65,Single,Rented Apartment,Secondary / Secondary Special,Pensioner,79300.0,13.5,1,4,1,4,0
ACC-11921,Female,43,Married,Own House,Higher Education,Pensioner,43200.0,11.9,2,1,3,0,1
ACC-11922,Male,25,Separated,Own House,Incomplete Higher,State Servant,61200.0,2.0,3,0,3,0,0
ACC-11923,Female,50,Single,Own House,Secondary / Secondary Special,Working,83400.0,17.3,2,2,2,0,1
ACC-11924,Male,26,Married,Own House,Secondary / Secondary Special,Working,44300.0,0.8,2,0,3,0,0
ACC-11925,Female,64,Married,Own House,Higher Education,Working,55500.0,22.7,3,2,1,0,1
ACC-11926,Male,24,Civil Union,Rented Apartment,Higher Education,Working,73300.0,1.8,1,1,1,1,0
ACC-11927,Female,49,Married,Own House,Secondary / Secondary Special,Pensioner,42500.0,15.7,3,2,1,0,1
ACC-11928,Male,43,Married,Own House,Higher Education,State Servant,18000.0,10.0,2,0,2,0,1
ACC-11929,Female,26,Married,Own House,Secondary / Secondary Special,Commercial Associate,55500.0,2.1,3,1,1,0,0
ACC-11930,Male,52,Single,Municipal Housing,Secondary / Secondary Special,Working,25900.0,29.0,4,1,0,1,1
ACC-11931,Male,62,Single,Own House,Secondary / Secondary Special,Pensioner,70200.0,8.2,3,3,2,0,1
ACC-11932,Male,38,Single,Own House,Higher Education,State Servant,110500.0,12.4,2,0,2,0,1
ACC-11933,Male,35,Civil Union,Own House,Secondary / Secondary Special,Working,71100.0,13.9,1,3,2,0,1
ACC-11934,Male,60,Civil Union,Own House,Secondary / Secondary Special,State Servant,67200.0,21.8,3,2,0,2,1
ACC-11935,Male,52,Civil Union,Own House,Secondary / Secondary Special,Working,77000.0,28.1,2,1,0,0,1
ACC-11936,Female,29,Married,Own House,Higher Education,Working,68000.0,1.6,1,2,0,0,1
ACC-11937,Male,57,Married,Own House,Secondary / Secondary Special,Commercial Associate,107600.0,18.5,3,1,1,0,1
ACC-11938,Female,30,Single,Own House,Secondary / Secondary Special,Commercial Associate,82000.0,4.8,2,0,0,1,1
ACC-11939,Female,40,Single,Own House,Secondary / Secondary Special,Working,85200.0,0.7,1,0,1,0,1
ACC-11940,Female,26,Single,Own House,Higher Education,Working,109300.0,2.9,4,2,0,0,1
ACC-11941,Female,23,Married,Own House,Secondary / Secondary Special,Pensioner,56800.0,1.4,2,1,0,0,0
ACC-11942,Male,62,Single,Own House,Secondary / Secondary Special,Commercial Associate,86900.0,28.3,2,0,2,0,1
ACC-11943,Male,31,Single,Own House,Secondary / Secondary Special,Commercial Associate,85200.0,10.4,3,1,3,0,1
ACC-11944,Male,63,Married,Own House,Higher Education,Working,88600.0,4.1,4,1,0,3,0
ACC-11945,Female,37,Married,Own House,Secondary / Secondary Special,Working,75600.0,5.9,1,0,1,0,1
ACC-11946,Female,52,Married,Own House,Higher Education,Working,94500.0,14.5,3,1,0,2,1
ACC-11947,Female,24,Married,Own House,Higher Education,Working,79300.0,2.1,3,0,0,0,1
ACC-11948,Female,24,Married,Own House,Higher Education,Working,103400.0,3.2,1,0,2,2,0
ACC-11949,Female,37,Married,Municipal Housing,Secondary / Secondary Special,Working,71200.0,7.8,2,1,2,0,1
ACC-11950,Female,61,Married,With Parents,Incomplete Higher,Commercial Associate,106600.0,1.6,1,1,2,0,1
ACC-11951,Female,39,Single,Own House,Secondary / Secondary Special,Working,25200.0,13.6,3,0,1,0,1
ACC-11952,Male,25,Single,Own House,Secondary / Secondary Special,State Servant,65800.0,4.5,3,1,3,0,0
ACC-11953,Male,52,Single,Own House,Higher Education,Working,74100.0,16.7,1,0,0,0,1
ACC-11954,Male,42,Married,Own House,Secondary / Secondary Special,Working,53600.0,13.0,3,0,0,0,1
ACC-11955,Male,26,Married,Own House,Secondary / Secondary Special,Working,77300.0,1.4,3,0,0,0,1
ACC-11956,Male,55,Single,Rented Apartment,Secondary / Secondary Special,Working,33400.0,8.1,2,0,2,0,1
ACC-11957,Female,42,Married,Own House,Higher Education,Working,92900.0,5.6,3,0,0,1,1
ACC-11958,Male,21,Separated,With Parents,Secondary / Secondary Special,Pensioner,45700.0,0.7,1,2,0,0,0
ACC-11959,Male,40,Single,Own House,Higher Education,State Servant,66900.0,18.6,4,1,1,2,1
ACC-11960,Female,42,Married,Rented Apartment,Higher Education,Working,93500.0,11.7,2,0,0,2,1
ACC-11961,Female,31,Separated,Rented Apartment,Higher Education,Working,73200.0,2.5,2,0,0,0,1
ACC-11962,Male,33,Married,Own House,Secondary / Secondary Special,Commercial Associate,128300.0,3.8,3,0,0,0,1
ACC-11963,Female,62,Married,Own House,Incomplete Higher,Commercial Associate,106400.0,16.4,2,2,0,0,1
ACC-11964,Male,23,Single,Own House,Secondary / Secondary Special,Working,66500.0,2.1,4,0,2,0,0
ACC-11965,Male,29,Married,Own House,Secondary / Secondary Special,Commercial Associate,70500.0,4.2,2,0,1,0,1
ACC-11966,Female,32,Civil Union,Own House,Secondary / Secondary Special,State Servant,76100.0,5.0,4,1,0,0,1
ACC-11967,Female,43,Married,Own House,Secondary / Secondary Special,Commercial Associate,96900.0,13.2,2,1,0,0,1
ACC-11968,Female,34,Married,Own House,Secondary / Secondary Special,State Servant,70600.0,3.8,1,0,2,0,1
ACC-11969,Female,53,Single,With Parents,Secondary / Secondary Special,State Servant,42700.0,3.1,4,1,1,0,1
ACC-11970,Female,38,Single,Own House,Secondary / Secondary Special,Pensioner,40400.0,0.9,3,0,2,2,0
ACC-11971,Male,61,Married,Municipal Housing,Secondary / Secondary Special,Working,66700.0,10.7,3,0,1,0,1
ACC-11972,Female,29,Married,Own House,Higher Education,Commercial Associate,111400.0,1.3,5,1,0,0,1
ACC-11973,Female,43,Single,Rented Apartment,Higher Education,State Servant,96900.0,8.1,1,1,5,0,1
ACC-11974,Female,30,Married,Own House,Higher Education,Commercial Associate,121100.0,7.8,2,1,1,0,1
ACC-11975,Male,39,Single,Own House,Secondary / Secondary Special,Pensioner,74500.0,13.8,1,0,0,0,1
ACC-11976,Female,25,Married,With Parents,Secondary / Secondary Special,Working,87300.0,3.2,2,1,1,0,1
ACC-11977,Female,43,Single,Own House,Incomplete Higher,Working,78000.0,19.7,3,0,0,0,1
ACC-11978,Male,50,Single,Rented Apartment,Secondary / Secondary Special,Working,37300.0,8.8,5,1,0,0,1
ACC-11979,Male,45,Married,Own House,Higher Education,Working,116100.0,22.2,2,1,4,0,1
ACC-11980,Female,48,Married,Own House,Secondary / Secondary Special,Working,83000.0,11.5,3,0,3,0,1
ACC-11981,Male,54,Civil Union,Own House,Incomplete Higher,Commercial Associate,74400.0,13.9,4,1,0,0,1
ACC-11982,Female,65,Married,Rented Apartment,Secondary / Secondary Special,Working,65700.0,18.5,3,1,1,0,1
ACC-11983,Female,45,Separated,Own House,Secondary / Secondary Special,Commercial Associate,81400.0,2.9,1,0,2,0,1
ACC-11984,Female,30,Married,Rented Apartment,Higher Education,Commercial Associate,95400.0,9.8,2,2,0,1,1
ACC-11985,Female,34,Married,With Parents,Secondary / Secondary Special,Working,26500.0,2.4,5,2,1,0,0
ACC-11986,Male,62,Married,Own House,Secondary / Secondary Special,Working,40400.0,14.6,5,0,2,0,1
ACC-11987,Female,50,Separated,Own House,Secondary / Secondary Special,Commercial Associate,60100.0,9.9,2,3,2,0,1
ACC-11988,Female,61,Married,Rented Apartment,Higher Education,Commercial Associate,61700.0,3.5,4,1,2,1,0
ACC-11989,Male,45,Civil Union,Own House,Secondary / Secondary Special,State Servant,40500.0,4.2,1,1,2,1,0
ACC-11990,Male,34,Civil Union,Own House,Secondary / Secondary Special,State Servant,90100.0,1.1,1,2,4,1,0
ACC-11991,Female,55,Married,Own House,Secondary / Secondary Special,Pensioner,55700.0,10.6,5,1,0,0,1
ACC-11992,Male,54,Married,Own House,Secondary / Secondary Special,Commercial Associate,58600.0,29.5,1,0,3,1,1
ACC-11993,Female,30,Single,Own House,Higher Education,Pensioner,54900.0,3.7,1,3,0,0,1
ACC-11994,Male,55,Married,Own House,Secondary / Secondary Special,State Servant,92000.0,4.8,2,0,0,0,1
ACC-11995,Male,31,Single,Rented Apartment,Secondary / Secondary Special,State Servant,91500.0,7.3,2,0,0,0,1
ACC-11996,Male,31,Married,Own House,Secondary / Secondary Special,Working,66500.0,11.0,2,0,2,0,1
ACC-11997,Female,41,Married,Own House,Secondary / Secondary Special,Pensioner,70800.0,5.3,2,2,0,0,1
ACC-11998,Female,41,Single,Municipal Housing,Secondary / Secondary Special,Working,48200.0,6.2,4,3,3,0,0
ACC-11999,Female,42,Married,Rented Apartment,Secondary / Secondary Special,State Servant,70000.0,21.4,4,0,1,1,1
ACC-12000,Female,65,Married,Rented Apartment,Secondary / Secondary Special,Working,32600.0,8.5,2,2,0,1,0
ACC-12001,Female,27,Married,Own House,Incomplete Higher,Working,57000.0,3.8,2,0,2,0,1
ACC-12002,Male,37,Married,Rented Apartment,Secondary / Secondary Special,Working,65600.0,4.5,3,4,3,0,0
ACC-12003,Female,22,Married,Own House,Higher Education,Working,52900.0,1.9,3,1,2,1,0
ACC-12004,Female,32,Single,Own House,Secondary / Secondary Special,Working,78000.0,11.8,2,0,0,1,1
ACC-12005,Male,62,Married,Own House,Secondary / Secondary Special,State Servant,81700.0,34.3,2,0,3,0,1
ACC-12006,Female,38,Married,Own House,Secondary / Secondary Special,Working,87200.0,6.0,2,0,2,0,1
ACC-12007,Male,31,Single,Rented Apartment,Secondary / Secondary Special,Working,116400.0,4.7,1,0,1,0,1
ACC-12008,Female,36,Married,Own House,Incomplete Higher,Working,74200.0,4.3,2,2,0,0,1
ACC-12009,Female,38,Married,Rented Apartment,Incomplete Higher,Commercial Associate,78600.0,16.1,3,0,1,0,1
ACC-12010,Female,55,Civil Union,Rented Apartment,Higher Education,Working,54800.0,32.1,3,3,3,0,1
ACC-12011,Female,46,Single,Own House,Higher Education,Working,98600.0,11.2,3,1,0,0,1
ACC-12012,Male,36,Married,Own House,Secondary / Secondary Special,Working,77300.0,10.7,2,1,0,0,1
ACC-12013,Female,26,Single,Own House,Secondary / Secondary Special,Commercial Associate,50200.0,1.4,3,0,3,1,0
ACC-12014,Female,64,Married,Own House,Incomplete Higher,Working,59700.0,19.4,1,2,0,0,1
ACC-12015,Female,63,Single,Own House,Higher Education,Working,90200.0,27.3,2,1,3,0,1
ACC-12016,Female,62,Married,Municipal Housing,Secondary / Secondary Special,Working,76600.0,16.5,3,2,0,1,1
ACC-12017,Male,32,Married,Own House,Secondary / Secondary Special,Pensioner,63800.0,4.6,2,3,1,0,1
ACC-12018,Female,33,Married,Own House,Secondary / Secondary Special,Working,53200.0,0.5,2,0,0,0,1
ACC-12019,Male,24,Married,With Parents,Incomplete Higher,Commercial Associate,84400.0,3.3,2,0,3,0,1
ACC-12020,Male,59,Married,Own House,Secondary / Secondary Special,Working,77600.0,34.7,4,2,2,1,1
ACC-12021,Male,22,Separated,Rented Apartment,Secondary / Secondary Special,Working,61000.0,2.0,2,2,4,4,0
ACC-12022,Male,46,Married,Own House,Secondary / Secondary Special,Working,55700.0,18.8,3,1,2,0,1
ACC-12023,Female,47,Married,Own House,Higher Education,Working,105700.0,15.0,5,0,0,1,1
ACC-12024,Female,47,Married,Own House,Secondary / Secondary Special,Working,61100.0,7.6,3,1,0,0,1
ACC-12025,Female,35,Married,Own House,Higher Education,Working,63700.0,15.0,2,0,1,2,0
ACC-12026,Male,28,Single,Own House,Secondary / Secondary Special,Working,95200.0,4.9,1,0,1,3,0
ACC-12027,Male,27,Married,Rented Apartment,Higher Education,Commercial Associate,81100.0,4.9,2,1,4,0,1
ACC-12028,Female,60,Married,Own House,Higher Education,Pensioner,67900.0,27.5,2,0,1,1,1
ACC-12029,Male,32,Married,With Parents,Secondary / Secondary Special,Working,72100.0,10.2,3,1,2,0,1
ACC-12030,Female,33,Single,Own House,Secondary / Secondary Special,Commercial Associate,90000.0,0.6,2,3,4,0,0
ACC-12031,Male,63,Married,Own House,Secondary / Secondary Special,Pensioner,48700.0,9.9,5,2,0,1,1
ACC-12032,Female,37,Married,Own House,Secondary / Secondary Special,State Servant,18000.0,11.5,2,3,3,0,0
ACC-12033,Male,37,Married,With Parents,Higher Education,Working,74500.0,15.3,3,2,1,0,1
ACC-12034,Male,56,Married,Own House,Secondary / Secondary Special,Commercial Associate,86500.0,24.8,2,0,2,0,1
ACC-12035,Female,41,Married,Own House,Secondary / Secondary Special,Working,62600.0,9.0,2,2,0,1,1
ACC-12036,Female,28,Single,With Parents,Secondary / Secondary Special,Working,76300.0,3.2,3,3,0,1,0
ACC-12037,Female,25,Single,Own House,Secondary / Secondary Special,Working,87500.0,3.8,2,3,0,0,1
ACC-12038,Female,46,Single,With Parents,Higher Education,Working,101100.0,19.4,1,1,5,0,1
ACC-12039,Female,36,Married,Own House,Secondary / Secondary Special,Working,49000.0,9.9,2,0,2,4,0
ACC-12040,Male,56,Married,Rented Apartment,Incomplete Higher,Working,53200.0,10.8,2,0,0,0,0
ACC-12041,Male,48,Married,With Parents,Incomplete Higher,Commercial Associate,115900.0,25.9,3,0,6,2,0
ACC-12042,Female,49,Separated,Rented Apartment,Secondary / Secondary Special,Working,61100.0,16.2,5,3,1,1,1
ACC-12043,Female,32,Single,Own House,Secondary / Secondary Special,Commercial Associate,77900.0,9.6,1,1,3,0,1
ACC-12044,Male,57,Single,Own House,Higher Education,Working,101200.0,8.3,2,2,0,0,1
ACC-12045,Male,50,Married,With Parents,Secondary / Secondary Special,Working,92200.0,10.6,3,1,1,0,1
ACC-12046,Female,43,Married,Own House,Secondary / Secondary Special,Commercial Associate,60200.0,20.2,5,1,2,0,1
ACC-12047,Male,36,Married,Own House,Secondary / Secondary Special,Pensioner,34100.0,1.3,4,0,0,0,0
ACC-12048,Female,34,Married,Rented Apartment,Secondary / Secondary Special,Working,29700.0,7.4,3,0,1,1,0
ACC-12049,Female,30,Civil Union,Own House,Higher Education,Working,83500.0,5.1,2,1,1,1,1
ACC-12050,Female,27,Separated,Own House,Secondary / Secondary Special,State Servant,77500.0,5.4,1,1,0,0,1
ACC-12051,Female,65,Married,Own House,Secondary / Secondary Special,Working,57000.0,13.0,2,0,0,0,1
ACC-12052,Female,57,Married,Own House,Incomplete Higher,State Servant,103700.0,8.5,2,2,4,0,1
ACC-12053,Male,49,Separated,Own House,Higher Education,Commercial Associate,107600.0,26.9,3,0,0,0,1
ACC-12054,Male,23,Single,Own House,Secondary / Secondary Special,Working,62800.0,1.9,2,2,0,0,1
ACC-12055,Male,35,Married,Own House,Higher Education,Working,82300.0,2.0,3,0,1,2,0
ACC-12056,Female,56,Married,Rented Apartment,Secondary / Secondary Special,Working,35100.0,7.4,2,1,2,0,0
ACC-12057,Female,39,Married,With Parents,Higher Education,Working,88000.0,19.0,3,0,2,0,1
ACC-12058,Male,33,Married,Own House,Secondary / Secondary Special,State Servant,72900.0,2.9,1,2,2,0,1
ACC-12059,Female,62,Married,Own House,Secondary / Secondary Special,Commercial Associate,77400.0,25.8,1,1,0,0,1
ACC-12060,Female,41,Single,Rented Apartment,Higher Education,Commercial Associate,110100.0,9.1,1,1,1,0,1
ACC-12061,Female,57,Married,Own House,Secondary / Secondary Special,State Servant,50200.0,32.8,4,3,2,0,1
ACC-12062,Male,47,Married,Own House,Academic Degree,Working,82600.0,20.5,1,0,3,1,1
ACC-12063,Female,49,Married,Own House,Secondary / Secondary Special,Commercial Associate,77700.0,17.5,3,0,1,0,1
ACC-12064,Female,40,Single,Own House,Incomplete Higher,Working,69900.0,0.7,1,2,0,0,1
ACC-12065,Male,45,Single,With Parents,Incomplete Higher,State Servant,61300.0,22.1,2,1,1,0,1
ACC-12066,Female,26,Married,Own House,Secondary / Secondary Special,Working,69500.0,2.9,4,0,0,3,0
ACC-12067,Female,56,Civil Union,Rented Apartment,Higher Education,Commercial Associate,122100.0,33.6,2,1,2,0,1
ACC-12068,Female,22,Civil Union,Own House,Secondary / Secondary Special,State Servant,82000.0,1.2,1,0,0,1,0
ACC-12069,Female,42,Married,With Parents,Higher Education,Working,108900.0,15.4,2,0,0,1,1
ACC-12070,Male,52,Married,Own House,Secondary / Secondary Special,Working,87100.0,2.7,4,1,1,0,1
ACC-12071,Female,36,Single,Own House,Higher Education,Working,100900.0,12.0,2,2,1,1,1
ACC-12072,Female,38,Single,Own House,Secondary / Secondary Special,Working,72800.0,6.4,2,1,1,0,1
ACC-12073,Male,25,Separated,Own House,Secondary / Secondary Special,Commercial Associate,122700.0,2.1,2,1,1,0,1
ACC-12074,Male,56,Civil Union,Own House,Secondary / Secondary Special,Pensioner,62200.0,4.7,2,2,2,0,0
ACC-12075,Male,50,Single,Own House,Secondary / Secondary Special,Working,46400.0,4.8,1,0,1,1,0
ACC-12076,Female,65,Married,Own House,Higher Education,Working,49000.0,8.8,3,1,1,3,0
ACC-12077,Female,39,Married,Own House,Higher Education,Commercial Associate,99700.0,6.6,3,2,0,2,1
ACC-12078,Male,43,Married,Own House,Higher Education,Working,103700.0,20.6,2,0,1,0,1
ACC-12079,Male,54,Married,Rented Apartment,Secondary / Secondary Special,Working,86100.0,12.8,3,0,1,0,1
ACC-12080,Female,33,Single,Rented Apartment,Secondary / Secondary Special,Pensioner,18000.0,9.6,4,4,1,0,0
ACC-12081,Female,63,Married,Rented Apartment,Secondary / Secondary Special,Commercial Associate,96000.0,4.0,4,4,2,0,1
ACC-12082,Female,49,Single,Rented Apartment,Higher Education,Working,115000.0,17.3,1,0,1,0,1
ACC-12083,Male,56,Married,Own House,Academic Degree,Working,123400.0,17.6,2,0,2,0,1
ACC-12084,Female,42,Married,Own House,Secondary / Secondary Special,Commercial Associate,89100.0,21.5,4,0,1,4,0
ACC-12085,Female,56,Married,Own House,Secondary / Secondary Special,Commercial Associate,77100.0,30.5,1,0,1,0,1
ACC-12086,Female,29,Married,Rented Apartment,Secondary / Secondary Special,State Servant,54900.0,4.4,1,1,2,0,0
ACC-12087,Male,59,Single,Municipal Housing,Higher Education,Working,107300.0,30.3,4,1,0,0,1
ACC-12088,Male,39,Single,Own House,Higher Education,Pensioner,82800.0,4.1,2,2,1,0,1
ACC-12089,Female,58,Separated,Own House,Higher Education,Commercial Associate,97800.0,21.6,2,0,1,3,1
ACC-12090,Male,26,Married,Own House,Secondary / Secondary Special,Commercial Associate,135900.0,0.9,2,2,0,0,1
ACC-12091,Male,35,Married,Own House,Higher Education,Commercial Associate,71800.0,5.5,3,0,1,0,1
ACC-12092,Female,40,Married,Own House,Higher Education,Working,84900.0,4.9,2,0,1,0,1
ACC-12093,Female,29,Married,Own House,Secondary / Secondary Special,Pensioner,28000.0,6.6,4,1,4,4,0
ACC-12094,Female,52,Single,With Parents,Secondary / Secondary Special,Working,73500.0,15.9,2,0,3,0,1
ACC-12095,Male,24,Single,Own House,Secondary / Secondary Special,Working,22100.0,3.1,2,0,0,0,1
ACC-12096,Male,38,Civil Union,With Parents,Secondary / Secondary Special,State Servant,92900.0,9.5,2,2,1,0,1
ACC-12097,Male,25,Married,Rented Apartment,Higher Education,Commercial Associate,127100.0,0.9,1,0,0,0,1
ACC-12098,Male,40,Civil Union,Rented Apartment,Secondary / Secondary Special,State Servant,70900.0,14.8,2,1,0,1,1
ACC-12099,Female,43,Married,Own House,Higher Education,Working,83200.0,19.2,2,0,2,0,1
ACC-12100,Male,31,Civil Union,Own House,Secondary / Secondary Special,Working,80800.0,10.0,4,0,0,0,1
ACC-12101,Female,57,Married,Own House,Secondary / Secondary Special,Pensioner,52200.0,21.4,2,1,0,0,1
ACC-12102,Female,42,Married,Own House,Secondary / Secondary Special,Working,85900.0,16.7,2,2,4,3,0
ACC-12103,Male,24,Married,Own House,Secondary / Secondary Special,State Servant,62300.0,3.1,2,1,2,0,1
ACC-12104,Male,49,Separated,Municipal Housing,Secondary / Secondary Special,Working,61000.0,4.9,3,1,2,1,0
ACC-12105,Female,64,Married,Rented Apartment,Secondary / Secondary Special,State Servant,88700.0,7.6,2,3,3,0,0
ACC-12106,Male,54,Married,Rented Apartment,Secondary / Secondary Special,Working,78900.0,2.9,2,2,2,1,0
ACC-12107,Male,33,Single,With Parents,Secondary / Secondary Special,Commercial Associate,76200.0,4.5,4,0,0,4,0
ACC-12108,Female,62,Married,Own House,Secondary / Secondary Special,State Servant,73100.0,20.2,2,1,1,0,1
ACC-12109,Male,29,Married,Own House,Secondary / Secondary Special,Working,69100.0,9.0,2,1,1,0,1
ACC-12110,Female,62,Married,Own House,Secondary / Secondary Special,Commercial Associate,90300.0,18.4,2,1,0,0,1
ACC-12111,Female,51,Married,Own House,Incomplete Higher,State Servant,92900.0,22.7,3,1,3,1,1
ACC-12112,Female,27,Civil Union,Rented Apartment,Secondary / Secondary Special,Commercial Associate,72300.0,5.0,2,0,1,0,1
ACC-12113,Male,24,Single,Own House,Higher Education,Pensioner,55800.0,1.2,1,1,0,0,1
ACC-12114,Male,39,Married,Own House,Secondary / Secondary Special,Working,71000.0,1.6,3,1,0,0,1
ACC-12115,Female,62,Separated,Own House,Higher Education,Working,78200.0,23.2,1,1,0,0,1
ACC-12116,Female,50,Married,Own House,Secondary / Secondary Special,Working,45000.0,21.2,3,2,3,0,1
ACC-12117,Male,51,Married,Own House,Incomplete Higher,Working,86900.0,30.9,1,2,1,1,1
ACC-12118,Female,55,Married,Rented Apartment,Secondary / Secondary Special,Working,58700.0,12.9,2,1,1,1,1
ACC-12119,Male,41,Married,Own House,Higher Education,Commercial Associate,63900.0,18.9,1,1,1,0,1
ACC-12120,Male,51,Married,Own House,Secondary / Secondary Special,Working,83600.0,12.1,2,1,2,0,1
ACC-12121,Female,39,Separated,Own House,Secondary / Secondary Special,Working,55400.0,13.3,3,1,2,0,1
ACC-12122,Male,51,Single,Own House,Higher Education,Working,102700.0,18.7,1,3,1,1,1
ACC-12123,Female,52,Married,Own House,Secondary / Secondary Special,State Servant,88800.0,2.2,2,1,4,0,0
ACC-12124,Male,22,Single,Municipal Housing,Secondary / Secondary Special,Commercial Associate,84200.0,0.6,4,0,5,0,0
ACC-12125,Male,30,Single,Own House,Secondary / Secondary Special,Working,20200.0,0.7,2,1,6,0,0
ACC-12126,Male,22,Separated,Own House,Higher Education,State Servant,46800.0,1.1,3,1,2,0,0
ACC-12127,Female,22,Civil Union,Own House,Incomplete Higher,Working,50200.0,1.6,4,1,4,0,0
ACC-12128,Male,44,Married,Rented Apartment,Secondary / Secondary Special,Pensioner,43700.0,4.6,5,1,1,0,0
ACC-12129,Female,37,Single,Own House,Higher Education,Commercial Associate,131400.0,10.5,4,0,3,0,1
ACC-12130,Female,52,Married,Own House,Secondary / Secondary Special,Working,71400.0,9.6,2,0,3,0,1
ACC-12131,Female,36,Married,Own House,Secondary / Secondary Special,Commercial Associate,137600.0,12.9,5,0,3,0,1
ACC-12132,Male,36,Married,With Parents,Incomplete Higher,Commercial Associate,47200.0,12.9,3,1,3,0,1
ACC-12133,Female,59,Married,Own House,Higher Education,Working,92700.0,30.4,3,0,1,0,1
ACC-12134,Male,51,Married,Own House,Higher Education,State Servant,80200.0,16.5,1,2,0,1,1
ACC-12135,Male,63,Married,Own House,Secondary / Secondary Special,Working,70200.0,12.6,5,0,0,0,1
ACC-12136,Female,44,Married,Own House,Secondary / Secondary Special,Working,103500.0,19.5,3,3,2,0,1
ACC-12137,Male,21,Single,With Parents,Secondary / Secondary Special,Working,104900.0,0.6,3,0,0,0,1
ACC-12138,Female,31,Married,With Parents,Secondary / Secondary Special,Working,66200.0,3.5,1,0,1,0,0
ACC-12139,Male,41,Single,Own House,Secondary / Secondary Special,Working,84000.0,4.3,1,1,1,0,1
ACC-12140,Male,24,Married,With Parents,Higher Education,Pensioner,74700.0,2.9,5,0,1,1,0
ACC-12141,Female,27,Separated,Rented Apartment,Higher Education,Working,66300.0,5.0,2,3,4,0,0
ACC-12142,Male,46,Married,With Parents,Secondary / Secondary Special,Working,65300.0,17.1,2,0,2,1,1
ACC-12143,Female,32,Married,Own House,Secondary / Secondary Special,Commercial Associate,68900.0,5.3,3,1,2,2,0
ACC-12144,Female,51,Married,Own House,Higher Education,State Servant,88600.0,3.6,1,3,1,0,1
ACC-12145,Male,37,Single,Own House,Secondary / Secondary Special,Pensioner,26300.0,15.5,2,0,3,1,0
ACC-12146,Female,53,Separated,Rented Apartment,Higher Education,Commercial Associate,108400.0,17.0,2,0,0,0,1
ACC-12147,Female,31,Married,Own House,Secondary / Secondary Special,Pensioner,51700.0,4.8,2,0,0,0,1
ACC-12148,Female,48,Married,Own House,Secondary / Secondary Special,State Servant,80500.0,16.7,2,1,4,3,0
ACC-12149,Male,52,Civil Union,Own House,Academic Degree,Pensioner,96800.0,6.6,1,0,2,0,1
ACC-12150,Female,21,Married,Own House,Secondary / Secondary Special,Commercial Associate,116000.0,0.6,1,1,2,0,1
ACC-12151,Female,48,Single,Own House,Secondary / Secondary Special,Working,113200.0,11.7,2,2,1,0,1
ACC-12152,Male,62,Married,With Parents,Secondary / Secondary Special,Working,56100.0,9.9,4,2,1,0,1
ACC-12153,Male,27,Married,Own House,Higher Education,Commercial Associate,126300.0,2.1,2,0,1,0,1
ACC-12154,Female,22,Married,With Parents,Higher Education,Working,136500.0,1.8,2,0,0,2,1
ACC-12155,Female,62,Married,Own House,Secondary / Secondary Special,Working,86900.0,22.5,1,0,1,0,1
ACC-12156,Female,44,Single,Own House,Secondary / Secondary Special,Commercial Associate,95800.0,11.9,3,1,1,1,1
ACC-12157,Female,24,Separated,Own House,Higher Education,Pensioner,29900.0,2.9,5,0,1,0,1
ACC-12158,Female,64,Married,Own House,Secondary / Secondary Special,Working,52700.0,41.9,2,2,1,0,1
ACC-12159,Male,39,Single,Own House,Higher Education,Commercial Associate,95900.0,2.6,2,1,4,0,0
ACC-12160,Male,46,Married,Rented Apartment,Secondary / Secondary Special,Commercial Associate,110500.0,21.8,2,0,2,0,1
ACC-12161,Male,31,Married,Own House,Secondary / Secondary Special,Pensioner,28900.0,6.6,3,1,3,0,0
ACC-12162,Female,60,Married,Rented Apartment,Higher Education,Pensioner,68100.0,6.3,2,0,1,2,0
ACC-12163,Male,63,Civil Union,Own House,Secondary / Secondary Special,Commercial Associate,98500.0,13.1,2,0,1,0,1
ACC-12164,Female,31,Single,Own House,Higher Education,Commercial Associate,87900.0,5.6,3,0,0,0,1
ACC-12165,Male,65,Single,Own House,Secondary / Secondary Special,Working,71100.0,31.3,5,0,0,0,1
ACC-12166,Male,23,Single,Own House,Secondary / Secondary Special,Commercial Associate,83300.0,1.1,1,1,1,0,1
ACC-12167,Female,32,Single,Own House,Academic Degree,Commercial Associate,144300.0,6.7,5,1,1,0,1
ACC-12168,Male,23,Separated,Own House,Secondary / Secondary Special,State Servant,79500.0,2.2,2,0,2,0,0
ACC-12169,Female,62,Single,Own House,Higher Education,State Servant,103800.0,19.1,3,4,1,2,1
ACC-12170,Male,47,Civil Union,Own House,Secondary / Secondary Special,Working,69400.0,23.4,2,1,3,1,1
ACC-12171,Female,22,Married,Own House,Higher Education,Commercial Associate,68100.0,1.8,2,0,5,0,0
ACC-12172,Female,36,Married,Rented Apartment,Higher Education,Working,93100.0,7.8,3,0,0,0,1
ACC-12173,Male,22,Married,Own House,Secondary / Secondary Special,Working,66200.0,2.0,2,1,1,0,0
ACC-12174,Female,50,Married,Own House,Higher Education,Working,106900.0,2.7,1,4,2,0,1
ACC-12175,Male,40,Single,Rented Apartment,Higher Education,Working,80700.0,0.6,2,1,0,1,0
ACC-12176,Female,58,Married,Own House,Secondary / Secondary Special,State Servant,65900.0,14.8,2,3,0,1,1
ACC-12177,Male,48,Single,Own House,Secondary / Secondary Special,Working,66600.0,17.0,1,1,2,0,1
ACC-12178,Male,45,Married,Own House,Secondary / Secondary Special,Working,49300.0,15.9,4,1,5,0,1
ACC-12179,Female,52,Married,Own House,Secondary / Secondary Special,Pensioner,19600.0,15.5,1,1,2,0,1
ACC-12180,Female,30,Married,Rented Apartment,Secondary / Secondary Special,Working,73400.0,1.7,2,1,1,3,0
ACC-12181,Female,62,Separated,Own House,Secondary / Secondary Special,Working,87200.0,7.6,1,0,1,2,0
ACC-12182,Female,60,Married,With Parents,Secondary / Secondary Special,Working,51300.0,34.2,2,2,1,0,1
ACC-12183,Female,53,Married,Rented Apartment,Higher Education,Working,85200.0,28.7,2,0,1,1,1
ACC-12184,Male,33,Single,Own House,Secondary / Secondary Special,Working,83300.0,8.9,2,1,1,2,0
ACC-12185,Male,61,Single,Own House,Incomplete Higher,Working,85400.0,27.4,1,1,0,0,1
ACC-12186,Male,62,Married,Own House,Secondary / Secondary Special,Commercial Associate,85100.0,25.3,1,1,3,1,1
ACC-12187,Male,57,Married,Own House,Secondary / Secondary Special,Working,74100.0,7.9,3,0,2,0,1
ACC-12188,Male,36,Married,Own House,Higher Education,Working,101700.0,7.1,2,1,2,0,1
ACC-12189,Male,65,Separated,Own House,Secondary / Secondary Special,State Servant,80600.0,31.5,2,1,4,0,1
ACC-12190,Female,42,Married,Own House,Secondary / Secondary Special,Working,41400.0,12.1,1,1,0,0,1
ACC-12191,Male,40,Married,Own House,Secondary / Secondary Special,Pensioner,87200.0,0.9,4,2,0,1,1
ACC-12192,Male,63,Married,Municipal Housing,Secondary / Secondary Special,Working,71000.0,41.0,1,1,2,0,1
ACC-12193,Male,47,Married,Own House,Secondary / Secondary Special,Working,81100.0,22.9,4,0,6,0,1
ACC-12194,Female,61,Single,With Parents,Academic Degree,Commercial Associate,108200.0,11.1,2,4,1,0,1
ACC-12195,Female,36,Married,With Parents,Secondary / Secondary Special,Working,60900.0,10.1,2,2,0,0,1
ACC-12196,Female,54,Married,Own House,Higher Education,Working,98300.0,31.4,3,0,2,0,1
ACC-12197,Male,52,Married,Rented Apartment,Higher Education,Commercial Associate,65300.0,3.5,4,0,0,0,1
ACC-12198,Female,46,Married,Own House,Secondary / Secondary Special,Working,45200.0,13.3,2,0,1,0,1
ACC-12199,Female,45,Married,Own House,Secondary / Secondary Special,State Servant,49000.0,11.7,2,1,0,1,1
ACC-12200,Male,22,Single,Own House,Higher Education,Pensioner,41900.0,1.1,2,2,3,2,0
ACC-12201,Female,32,Single,Own House,Higher Education,Working,92300.0,10.1,4,2,1,0,1
ACC-12202,Female,60,Civil Union,Own House,Secondary / Secondary Special,Commercial Associate,78400.0,15.5,3,2,3,0,1
ACC-12203,Female,29,Single,Own House,Secondary / Secondary Special,Working,96300.0,1.0,1,0,0,2,0
ACC-12204,Male,32,Single,Own House,Secondary / Secondary Special,Pensioner,20300.0,1.3,1,1,1,0,0
ACC-12205,Male,46,Married,Own House,Secondary / Secondary Special,State Servant,70200.0,1.6,1,0,4,0,0
ACC-12206,Female,29,Single,Own House,Secondary / Secondary Special,Pensioner,25600.0,4.0,2,0,0,1,0
ACC-12207,Male,30,Single,Own House,Higher Education,Working,52200.0,7.3,1,1,1,0,1
ACC-12208,Female,52,Single,Own House,Secondary / Secondary Special,State Servant,77900.0,6.9,3,0,1,0,1
ACC-12209,Male,54,Married,Own House,Higher Education,Working,104800.0,22.2,1,1,2,1,1
ACC-12210,Male,40,Married,Own House,Higher Education,Working,102100.0,13.9,2,1,0,0,1
ACC-12211,Male,59,Single,Own House,Secondary / Secondary Special,Pensioner,18000.0,10.3,2,2,1,2,0
ACC-12212,Female,22,Single,Rented Apartment,Secondary / Secondary Special,Working,66800.0,1.4,2,0,2,0,0
ACC-12213,Male,21,Separated,Own House,Higher Education,Pensioner,83100.0,0.8,1,2,1,0,1
ACC-12214,Male,56,Married,Rented Apartment,Higher Education,Working,110900.0,17.1,1,4,0,0,1
ACC-12215,Female,44,Married,Own House,Higher Education,State Servant,103800.0,8.4,1,2,2,0,1
ACC-12216,Male,47,Married,With Parents,Secondary / Secondary Special,Working,86200.0,16.9,3,2,1,1,1
ACC-12217,Female,22,Single,Own House,Secondary / Secondary Special,Working,88500.0,2.0,3,1,0,0,1
ACC-12218,Male,51,Married,Own House,Secondary / Secondary Special,Working,67300.0,13.5,1,1,1,2,0
ACC-12219,Female,34,Married,Own House,Secondary / Secondary Special,Commercial Associate,91000.0,5.8,2,1,3,0,0
ACC-12220,Male,22,Separated,Own House,Higher Education,Working,112000.0,1.2,2,1,0,0,1
ACC-12221,Female,49,Married,Own House,Secondary / Secondary Special,Commercial Associate,88600.0,2.7,2,1,1,4,0
ACC-12222,Female,35,Single,Own House,Higher Education,Working,116400.0,8.5,2,2,2,0,1
ACC-12223,Female,32,Married,Municipal Housing,Secondary / Secondary Special,Working,84200.0,4.3,2,1,0,1,0
ACC-12224,Female,57,Single,Own House,Higher Education,Working,76100.0,4.9,2,0,0,0,1
ACC-12225,Female,48,Married,Own House,Incomplete Higher,Working,36300.0,13.3,1,1,1,1,1
ACC-12226,Female,40,Civil Union,Rented Apartment,Secondary / Secondary Special,State Servant,65400.0,0.6,3,0,2,0,0
ACC-12227,Male,59,Civil Union,Own House,Higher Education,State Servant,64000.0,16.0,4,0,0,2,1
ACC-12228,Female,44,Married,Rented Apartment,Secondary / Secondary Special,Working,66800.0,3.0,4,0,3,1,0
ACC-12229,Female,41,Married,Own House,Secondary / Secondary Special,Commercial Associate,79800.0,1.0,1,0,2,0,1
ACC-12230,Male,30,Married,Rented Apartment,Higher Education,Commercial Associate,133600.0,8.3,3,2,0,0,1
ACC-12231,Female,34,Single,Own House,Higher Education,Working,101100.0,12.9,3,1,1,0,1
ACC-12232,Male,57,Civil Union,Rented Apartment,Secondary / Secondary Special,Working,86500.0,8.1,4,0,4,0,1
ACC-12233,Male,38,Married,Rented Apartment,Secondary / Secondary Special,Commercial Associate,69200.0,9.9,2,1,0,0,1
ACC-12234,Male,44,Single,Own House,Higher Education,Working,123700.0,7.0,3,0,1,0,1
ACC-12235,Male,34,Married,Own House,Higher Education,Working,109700.0,7.2,1,1,1,0,1
ACC-12236,Male,54,Single,Own House,Secondary / Secondary Special,Working,74400.0,15.1,2,1,0,0,1
ACC-12237,Female,32,Separated,Municipal Housing,Higher Education,Commercial Associate,65300.0,3.6,2,3,0,1,0
ACC-12238,Female,42,Married,Own House,Secondary / Secondary Special,Working,90900.0,15.6,3,0,0,1,1
ACC-12239,Female,26,Married,Own House,Secondary / Secondary Special,Working,104000.0,1.2,4,1,0,1,0
ACC-12240,Male,56,Married,Own House,Secondary / Secondary Special,Working,65200.0,2.4,2,2,0,0,0
ACC-12241,Female,65,Married,Own House,Secondary / Secondary Special,Working,65700.0,34.7,2,3,2,0,1
ACC-12242,Male,56,Married,Own House,Incomplete Higher,Working,53600.0,24.1,1,0,6,0,1
ACC-12243,Male,42,Married,Municipal Housing,Secondary / Secondary Special,Pensioner,18000.0,11.2,2,1,0,4,0
ACC-12244,Male,34,Married,Own House,Incomplete Higher,Working,52600.0,6.8,2,0,1,0,1
ACC-12245,Female,36,Married,Rented Apartment,Secondary / Secondary Special,Commercial Associate,116500.0,8.2,1,1,0,0,1
ACC-12246,Female,56,Married,Own House,Higher Education,Working,113700.0,16.0,4,0,0,0,1
ACC-12247,Male,45,Single,Own House,Higher Education,Commercial Associate,88000.0,10.1,1,2,0,0,1
ACC-12248,Male,52,Married,Own House,Higher Education,Commercial Associate,92300.0,16.2,2,0,1,0,1
ACC-12249,Female,53,Single,Own House,Higher Education,Working,137000.0,17.7,4,1,4,0,1
ACC-12250,Female,65,Single,Municipal Housing,Secondary / Secondary Special,State Servant,42600.0,31.3,4,1,1,0,1
ACC-12251,Male,56,Married,With Parents,Higher Education,Working,74300.0,25.7,3,4,1,0,1
ACC-12252,Male,40,Married,Own House,Higher Education,State Servant,80500.0,7.9,1,1,0,0,1
ACC-12253,Male,38,Single,Own House,Secondary / Secondary Special,Working,35100.0,7.7,3,0,0,0,1
ACC-12254,Male,58,Separated,Own House,Higher Education,Pensioner,58200.0,14.5,2,0,3,1,1
ACC-12255,Male,23,Married,With Parents,Secondary / Secondary Special,State Servant,53500.0,1.8,4,0,0,0,0
ACC-12256,Female,43,Married,With Parents,Secondary / Secondary Special,Pensioner,25200.0,10.7,3,2,4,0,0
ACC-12257,Female,52,Married,Rented Apartment,Higher Education,Working,119200.0,28.5,3,1,0,1,1
ACC-12258,Female,65,Married,Own House,Secondary / Secondary Special,Working,39300.0,31.5,1,1,1,2,1
ACC-12259,Female,36,Married,Own House,Higher Education,Commercial Associate,101900.0,14.4,2,0,6,0,1
ACC-12260,Male,25,Married,Own House,Secondary / Secondary Special,State Servant,45700.0,3.7,3,2,0,0,1
ACC-12261,Male,24,Single,Own House,Secondary / Secondary Special,Pensioner,40400.0,3.9,4,1,1,1,0
ACC-12262,Male,41,Married,Own House,Secondary / Secondary Special,Working,44700.0,13.5,1,3,2,0,1
ACC-12263,Female,60,Married,Own House,Secondary / Secondary Special,State Servant,66700.0,38.6,4,1,0,2,1
ACC-12264,Male,34,Married,Own House,Higher Education,Working,97100.0,2.6,1,0,2,0,1
ACC-12265,Male,59,Married,With Parents,Secondary / Secondary Special,Commercial Associate,110800.0,2.5,2,0,0,2,0
ACC-12266,Male,51,Married,Rented Apartment,Secondary / Secondary Special,Working,52100.0,18.2,3,0,0,0,1
ACC-12267,Male,34,Married,Own House,Secondary / Secondary Special,Working,100600.0,13.8,1,1,0,1,1
ACC-12268,Female,26,Civil Union,Own House,Secondary / Secondary Special,Pensioner,27200.0,2.8,1,1,3,0,0
ACC-12269,Female,32,Married,Own House,Higher Education,Working,84800.0,2.9,3,0,0,4,0
ACC-12270,Female,36,Single,Rented Apartment,Secondary / Secondary Special,Commercial Associate,118800.0,8.6,2,0,0,0,1
ACC-12271,Female,37,Civil Union,Rented Apartment,Higher Education,Commercial Associate,168900.0,11.2,1,0,1,0,1
ACC-12272,Female,65,Married,Rented Apartment,Higher Education,Working,127100.0,14.5,3,3,0,0,1
ACC-12273,Male,43,Married,Rented Apartment,Higher Education,Working,85100.0,16.6,3,0,1,2,1
ACC-12274,Male,34,Married,Own House,Higher Education,Commercial Associate,116300.0,13.7,2,0,0,0,1
ACC-12275,Male,27,Civil Union,Own House,Secondary / Secondary Special,Working,80000.0,6.3,1,0,2,0,1
ACC-12276,Male,52,Separated,Own House,Secondary / Secondary Special,State Servant,72600.0,9.7,1,1,1,0,1
ACC-12277,Female,35,Single,Own House,Higher Education,Pensioner,47800.0,5.2,3,1,1,1,0
ACC-12278,Male,64,Married,Rented Apartment,Higher Education,Working,95200.0,16.7,2,2,0,0,1
ACC-12279,Female,37,Single,Own House,Higher Education,Working,78900.0,7.0,3,0,1,0,1
ACC-12280,Female,61,Married,Own House,Higher Education,Working,68700.0,4.6,3,1,2,0,1
ACC-12281,Female,64,Married,Own House,Secondary / Secondary Special,Commercial Associate,73100.0,33.6,2,0,0,1,1
ACC-12282,Female,54,Married,Municipal Housing,Secondary / Secondary Special,Working,71900.0,12.7,1,4,0,0,1
ACC-12283,Female,25,Married,Own House,Higher Education,Working,112000.0,4.5,4,0,0,0,1
ACC-12284,Female,65,Single,Own House,Higher Education,Commercial Associate,99400.0,41.7,2,0,2,0,1
ACC-12285,Female,47,Married,Own House,Secondary / Secondary Special,Pensioner,43300.0,1.1,2,1,5,0,0
ACC-12286,Male,43,Married,Own House,Higher Education,Working,107700.0,22.7,4,0,0,0,1
ACC-12287,Female,60,Married,Own House,Secondary / Secondary Special,Working,66600.0,28.5,4,0,0,0,1
ACC-12288,Female,34,Single,Rented Apartment,Secondary / Secondary Special,Pensioner,53400.0,7.5,2,1,0,3,0
ACC-12289,Female,35,Single,Own House,Higher Education,Commercial Associate,106700.0,6.1,2,1,0,0,1
ACC-12290,Male,63,Married,With Parents,Higher Education,Commercial Associate,109500.0,22.5,5,1,1,1,1
ACC-12291,Female,53,Married,Own House,Secondary / Secondary Special,Commercial Associate,56300.0,11.1,3,1,4,0,0
ACC-12292,Female,51,Married,Own House,Secondary / Secondary Special,Pensioner,47700.0,19.5,2,1,0,0,1
ACC-12293,Female,55,Civil Union,With Parents,Secondary / Secondary Special,Commercial Associate,111400.0,3.7,2,1,2,0,0
ACC-12294,Female,37,Single,Own House,Higher Education,State Servant,93700.0,10.7,2,1,1,3,0
ACC-12295,Female,48,Married,Own House,Secondary / Secondary Special,Commercial Associate,61700.0,8.1,4,1,2,0,1
ACC-12296,Female,39,Single,Rented Apartment,Higher Education,Commercial Associate,137500.0,0.8,2,0,1,0,1
ACC-12297,Female,43,Married,Own House,Incomplete Higher,Working,80900.0,12.9,3,0,0,0,1
ACC-12298,Female,52,Single,Rented Apartment,Higher Education,Working,106900.0,18.7,3,1,4,0,1
ACC-12299,Female,60,Married,Own House,Secondary / Secondary Special,State Servant,81300.0,17.3,3,1,0,0,1
ACC-12300,Male,33,Married,Own House,Higher Education,Working,65200.0,1.4,3,2,1,1,0
ACC-12301,Male,40,Married,Own House,Secondary / Secondary Special,Commercial Associate,94300.0,17.9,4,0,3,1,1
ACC-12302,Female,55,Married,Rented Apartment,Secondary / Secondary Special,Working,95500.0,21.6,2,0,0,0,1
ACC-12303,Female,25,Civil Union,Own House,Secondary / Secondary Special,State Servant,54400.0,1.0,1,0,1,2,0
ACC-12304,Male,29,Married,Rented Apartment,Secondary / Secondary Special,Working,22600.0,4.8,3,0,2,0,0
ACC-12305,Female,49,Civil Union,With Parents,Higher Education,State Servant,98000.0,14.7,2,1,5,1,1
ACC-12306,Female,26,Single,Own House,Secondary / Secondary Special,Commercial Associate,80700.0,0.8,1,1,2,0,1
ACC-12307,Male,45,Married,Own House,Secondary / Secondary Special,Working,31000.0,15.4,1,1,0,2,1
ACC-12308,Female,51,Married,Own House,Incomplete Higher,Commercial Associate,93300.0,25.2,1,1,2,1,1
ACC-12309,Female,42,Married,Own House,Secondary / Secondary Special,Working,76700.0,16.6,3,2,2,2,0
ACC-12310,Female,22,Single,Own House,Higher Education,Working,57700.0,0.8,3,4,2,0,0
ACC-12311,Male,65,Married,Own House,Secondary / Secondary Special,Working,106600.0,38.9,1,1,3,0,1
ACC-12312,Female,25,Married,Municipal Housing,Secondary / Secondary Special,Working,81500.0,2.0,3,2,0,1,0
ACC-12313,Male,47,Married,With Parents,Higher Education,Pensioner,28400.0,25.6,2,1,0,1,1
ACC-12314,Male,45,Single,With Parents,Secondary / Secondary Special,Working,83000.0,2.3,3,3,1,0,0
ACC-12315,Female,28,Married,With Parents,Secondary / Secondary Special,Commercial Associate,97400.0,4.1,2,2,4,0,0
ACC-12316,Female,21,Married,Own House,Secondary / Secondary Special,Working,96100.0,0.8,3,4,1,0,0
ACC-12317,Female,40,Married,Rented Apartment,Secondary / Secondary Special,Commercial Associate,66300.0,5.3,2,1,4,0,0
ACC-12318,Female,64,Married,With Parents,Secondary / Secondary Special,Working,83300.0,34.1,2,2,4,1,1
ACC-12319,Female,43,Single,Own House,Secondary / Secondary Special,Commercial Associate,74800.0,14.6,3,1,3,1,0
ACC-12320,Male,52,Married,Municipal Housing,Secondary / Secondary Special,Commercial Associate,67800.0,1.1,1,0,3,0,0
ACC-12321,Male,31,Single,Own House,Higher Education,Commercial Associate,86000.0,6.9,5,0,3,2,0
ACC-12322,Male,59,Single,Own House,Secondary / Secondary Special,Working,23100.0,19.4,2,2,2,0,1
ACC-12323,Female,44,Married,Rented Apartment,Secondary / Secondary Special,Commercial Associate,91900.0,5.1,2,0,2,0,1
ACC-12324,Male,31,Single,Municipal Housing,Secondary / Secondary Special,Working,59000.0,11.0,2,1,0,0,1
ACC-12325,Male,49,Married,Own House,Incomplete Higher,Working,18000.0,26.1,1,0,0,1,1
ACC-12326,Male,46,Married,Rented Apartment,Higher Education,Working,91700.0,8.0,2,0,0,1,1
ACC-12327,Female,36,Single,Own House,Higher Education,Working,115500.0,8.9,5,2,0,0,1
ACC-12328,Male,55,Married,Own House,Higher Education,Working,61200.0,11.4,1,2,0,0,1
ACC-12329,Female,40,Single,Rented Apartment,Secondary / Secondary Special,Commercial Associate,64300.0,15.6,3,1,3,0,1
ACC-12330,Female,23,Married,Own House,Secondary / Secondary Special,Working,74700.0,2.8,2,0,2,0,1
ACC-12331,Female,21,Civil Union,Rented Apartment,Higher Education,Working,33700.0,0.7,3,1,0,0,0
ACC-12332,Male,21,Single,Own House,Higher Education,Working,78300.0,0.9,1,1,2,0,1
ACC-12333,Male,37,Married,Own House,Secondary / Secondary Special,Commercial Associate,87600.0,8.7,2,0,1,1,0
ACC-12334,Female,22,Married,Own House,Secondary / Secondary Special,Commercial Associate,67700.0,1.1,5,0,0,0,1
ACC-12335,Female,49,Single,Own House,Academic Degree,Working,81400.0,27.2,1,1,3,0,1
ACC-12336,Female,40,Single,Own House,Higher Education,Commercial Associate,77500.0,10.5,2,0,0,0,1
ACC-12337,Female,26,Married,Municipal Housing,Secondary / Secondary Special,Commercial Associate,44500.0,3.1,2,1,2,0,0
ACC-12338,Female,28,Civil Union,Own House,Higher Education,Working,76100.0,5.5,2,0,0,0,1
ACC-12339,Female,49,Married,Rented Apartment,Secondary / Secondary Special,Working,88200.0,7.9,2,1,1,0,1
ACC-12340,Male,53,Married,Own House,Secondary / Secondary Special,Commercial Associate,132000.0,11.1,2,0,2,0,1
ACC-12341,Female,23,Civil Union,Own House,Secondary / Secondary Special,Commercial Associate,80800.0,2.8,1,4,0,0,1
ACC-12342,Female,55,Civil Union,Own House,Secondary / Secondary Special,Working,81900.0,23.9,4,1,5,0,1
ACC-12343,Female,25,Single,Own House,Secondary / Secondary Special,Working,44300.0,4.2,3,0,0,0,1
ACC-12344,Male,47,Single,Own House,Higher Education,Working,44000.0,7.7,1,1,1,2,0
ACC-12345,Male,64,Married,Own House,Secondary / Secondary Special,Commercial Associate,120700.0,24.2,2,2,3,0,1
ACC-12346,Male,32,Civil Union,Own House,Secondary / Secondary Special,State Servant,51900.0,11.7,3,2,4,0,1
ACC-12347,Female,40,Married,Own House,Secondary / Secondary Special,Working,80800.0,6.7,5,1,0,0,1
ACC-12348,Male,65,Married,Own House,Secondary / Secondary Special,Working,68500.0,7.6,5,0,0,0,1
ACC-12349,Female,40,Married,Own House,Higher Education,Commercial Associate,126900.0,10.5,4,1,2,0,1
ACC-12350,Male,29,Married,Own House,Higher Education,State Servant,111000.0,3.8,1,2,0,0,1
ACC-12351,Male,59,Married,With Parents,Incomplete Higher,State Servant,71100.0,6.6,4,1,1,1,0
ACC-12352,Male,24,Married,Own House,Academic Degree,Commercial Associate,133500.0,3.6,4,2,2,1,1
ACC-12353,Male,39,Married,Rented Apartment,Secondary / Secondary Special,State Servant,91700.0,18.8,2,0,1,0,1
ACC-12354,Male,58,Married,Own House,Secondary / Secondary Special,Working,56000.0,21.8,2,0,0,0,1
ACC-12355,Female,47,Married,With Parents,Higher Education,Working,124200.0,21.0,2,2,1,0,1
ACC-12356,Male,65,Married,Own House,Academic Degree,Working,94400.0,38.7,3,1,4,0,1
ACC-12357,Female,63,Married,Rented Apartment,Higher Education,Commercial Associate,106700.0,30.3,2,0,1,0,1
ACC-12358,Female,33,Single,Own House,Higher Education,Working,103800.0,1.1,1,0,2,0,1
ACC-12359,Female,33,Civil Union,Municipal Housing,Higher Education,Working,54200.0,2.5,1,2,0,0,1
ACC-12360,Female,42,Single,Rented Apartment,Secondary / Secondary Special,Working,95400.0,2.0,2,0,0,0,1
ACC-12361,Female,48,Married,With Parents,Secondary / Secondary Special,Working,75500.0,0.8,2,0,0,0,1
ACC-12362,Female,65,Single,Own House,Higher Education,State Servant,162600.0,14.1,3,0,1,0,1
ACC-12363,Female,42,Married,Own House,Higher Education,Working,135800.0,8.9,1,3,0,0,1
ACC-12364,Male,63,Married,Own House,Secondary / Secondary Special,Working,64800.0,10.7,4,3,1,0,1
ACC-12365,Female,39,Married,Own House,Secondary / Secondary Special,State Servant,104300.0,1.7,4,1,2,0,1
ACC-12366,Female,28,Single,With Parents,Secondary / Secondary Special,Working,83600.0,4.5,4,1,2,0,0
ACC-12367,Male,28,Married,Own House,Secondary / Secondary Special,Commercial Associate,85100.0,2.5,3,0,0,0,1
ACC-12368,Female,62,Married,Own House,Higher Education,State Servant,53500.0,33.5,1,0,2,0,1
ACC-12369,Male,46,Married,Own House,Secondary / Secondary Special,Pensioner,18000.0,0.7,2,2,2,0,0
ACC-12370,Male,46,Single,Own House,Secondary / Secondary Special,State Servant,65100.0,22.0,1,0,0,0,1
ACC-12371,Male,43,Single,Own House,Secondary / Secondary Special,Working,54100.0,22.0,5,1,0,0,1
ACC-12372,Male,63,Married,Rented Apartment,Higher Education,Commercial Associate,110000.0,30.9,2,1,1,0,1
ACC-12373,Female,33,Married,Own House,Secondary / Secondary Special,Working,95200.0,9.7,2,0,1,0,1
ACC-12374,Male,48,Married,Own House,Secondary / Secondary Special,Working,84000.0,26.2,3,1,0,0,1
ACC-12375,Female,29,Single,Own House,Secondary / Secondary Special,Working,49700.0,2.3,4,1,0,0,1
ACC-12376,Female,40,Married,Own House,Secondary / Secondary Special,Working,85300.0,19.9,3,1,0,0,1
ACC-12377,Male,39,Civil Union,Own House,Secondary / Secondary Special,State Servant,44900.0,14.8,3,0,4,4,0
ACC-12378,Female,59,Married,Rented Apartment,Secondary / Secondary Special,Working,39900.0,28.5,2,0,2,1,1
ACC-12379,Male,32,Single,Rented Apartment,Incomplete Higher,Commercial Associate,88400.0,4.7,2,1,1,0,1
ACC-12380,Male,35,Married,Rented Apartment,Secondary / Secondary Special,Working,47100.0,8.4,1,4,4,0,0
ACC-12381,Male,51,Married,Rented Apartment,Secondary / Secondary Special,Working,50900.0,20.4,4,0,1,0,1
ACC-12382,Male,34,Married,Own House,Higher Education,Pensioner,91900.0,8.9,2,4,2,0,1
ACC-12383,Female,31,Married,Municipal Housing,Secondary / Secondary Special,Working,79500.0,7.9,1,1,0,0,1
ACC-12384,Female,46,Married,Rented Apartment,Higher Education,Commercial Associate,96800.0,2.6,4,2,1,0,1
ACC-12385,Male,62,Single,With Parents,Secondary / Secondary Special,Working,29200.0,15.3,2,0,0,0,1
ACC-12386,Female,47,Married,Own House,Secondary / Secondary Special,Working,48800.0,12.0,4,0,1,0,1
ACC-12387,Male,31,Single,With Parents,Higher Education,Working,132700.0,3.2,4,0,0,0,1
ACC-12388,Male,58,Single,Rented Apartment,Incomplete Higher,State Servant,86300.0,7.0,3,0,0,3,0
ACC-12389,Male,54,Married,Rented Apartment,Secondary / Secondary Special,Working,96300.0,5.2,1,4,0,1,0
ACC-12390,Female,63,Single,Own House,Secondary / Secondary Special,Working,70600.0,16.1,1,0,1,1,1
ACC-12391,Female,39,Single,Rented Apartment,Secondary / Secondary Special,Working,57300.0,9.6,4,1,3,0,0
ACC-12392,Female,26,Married,Municipal Housing,Incomplete Higher,Commercial Associate,99900.0,0.8,4,0,1,0,1
ACC-12393,Female,58,Single,Rented Apartment,Higher Education,Commercial Associate,133200.0,36.0,2,1,3,1,1
ACC-12394,Male,62,Married,Own House,Secondary / Secondary Special,Commercial Associate,69400.0,32.3,2,0,2,4,1
ACC-12395,Female,48,Married,With Parents,Secondary / Secondary Special,Working,49300.0,20.6,1,0,1,0,1
ACC-12396,Female,21,Single,Own House,Secondary / Secondary Special,State Servant,31500.0,0.6,5,0,0,4,0
ACC-12397,Female,55,Married,Own House,Secondary / Secondary Special,Commercial Associate,63800.0,21.3,1,2,4,0,1
ACC-12398,Male,60,Married,Own House,Secondary / Secondary Special,State Servant,79700.0,21.4,1,0,0,0,1
ACC-12399,Male,28,Married,With Parents,Secondary / Secondary Special,State Servant,51900.0,7.9,3,0,2,0,0
ACC-12400,Female,27,Single,Own House,Higher Education,Commercial Associate,125500.0,5.4,1,0,1,0,1
ACC-12401,Female,31,Civil Union,Own House,Incomplete Higher,Working,108300.0,6.5,4,3,1,1,0
ACC-12402,Female,59,Married,Rented Apartment,Academic Degree,State Servant,110500.0,33.3,1,1,0,0,1
ACC-12403,Female,24,Single,Rented Apartment,Secondary / Secondary Special,Pensioner,44600.0,1.0,1,1,1,2,0
ACC-12404,Male,45,Civil Union,Own House,Secondary / Secondary Special,Working,77100.0,0.9,2,1,3,0,0
ACC-12405,Male,32,Married,With Parents,Higher Education,Working,77400.0,8.4,2,0,3,0,1
ACC-12406,Female,46,Married,With Parents,Secondary / Secondary Special,Pensioner,30800.0,3.0,1,1,4,1,0
ACC-12407,Female,58,Single,Own House,Higher Education,Working,76400.0,4.8,2,0,0,0,1
ACC-12408,Male,32,Single,Own House,Secondary / Secondary Special,State Servant,39800.0,9.1,2,1,1,1,1
ACC-12409,Female,63,Single,Own House,Secondary / Secondary Special,Working,84800.0,12.0,4,1,0,0,1
ACC-12410,Male,57,Married,Own House,Secondary / Secondary Special,Working,54100.0,23.4,1,1,4,0,1
ACC-12411,Female,44,Married,Own House,Secondary / Secondary Special,Working,89500.0,22.1,5,0,0,0,1
ACC-12412,Female,36,Married,With Parents,Higher Education,Working,101600.0,5.4,2,0,1,2,0
ACC-12413,Female,33,Married,Rented Apartment,Secondary / Secondary Special,Working,64500.0,3.2,1,2,3,0,0
ACC-12414,Female,45,Married,Own House,Secondary / Secondary Special,Working,82800.0,3.1,1,1,1,0,0
ACC-12415,Male,24,Single,Own House,Secondary / Secondary Special,Commercial Associate,59200.0,1.0,2,0,1,1,0
ACC-12416,Female,31,Married,Own House,Higher Education,Pensioner,52800.0,1.2,1,0,0,0,1
ACC-12417,Female,52,Single,Own House,Secondary / Secondary Special,Working,80700.0,3.3,2,2,1,1,0
ACC-12418,Female,27,Married,Own House,Secondary / Secondary Special,Working,18000.0,3.3,1,2,3,0,0
ACC-12419,Female,31,Single,With Parents,Secondary / Secondary Special,Commercial Associate,80300.0,3.9,3,4,1,0,0
ACC-12420,Female,48,Married,With Parents,Secondary / Secondary Special,Commercial Associate,93000.0,19.9,2,0,0,0,1
ACC-12421,Female,61,Married,Own House,Secondary / Secondary Special,Working,93800.0,35.7,1,1,0,0,1
ACC-12422,Male,43,Married,With Parents,Higher Education,Working,123300.0,18.2,2,0,0,0,1
ACC-12423,Female,65,Separated,Own House,Secondary / Secondary Special,Working,62100.0,24.1,3,1,1,0,1
ACC-12424,Female,43,Single,Rented Apartment,Secondary / Secondary Special,Working,81900.0,2.8,1,0,0,0,1
ACC-12425,Male,48,Married,Own House,Higher Education,Working,72300.0,20.0,4,0,1,0,1
ACC-12426,Female,63,Married,Own House,Secondary / Secondary Special,Commercial Associate,70200.0,15.9,2,0,1,0,1
ACC-12427,Male,46,Civil Union,With Parents,Secondary / Secondary Special,Working,95100.0,2.7,5,1,2,0,0
ACC-12428,Female,45,Married,Own House,Secondary / Secondary Special,State Servant,64100.0,21.1,1,1,0,0,1
ACC-12429,Male,49,Married,Rented Apartment,Secondary / Secondary Special,Pensioner,48500.0,10.1,5,1,2,1,0
ACC-12430,Male,39,Married,Own House,Higher Education,Pensioner,47300.0,4.5,2,2,1,0,1
ACC-12431,Male,53,Separated,Own House,Higher Education,Pensioner,79300.0,28.8,2,1,1,0,1
ACC-12432,Male,56,Married,Own House,Higher Education,Working,106600.0,32.5,2,1,4,0,1
ACC-12433,Female,34,Married,Own House,Higher Education,Working,105900.0,5.1,1,4,0,0,1
ACC-12434,Male,34,Civil Union,Rented Apartment,Secondary / Secondary Special,Working,38400.0,5.3,4,1,1,0,0
ACC-12435,Female,55,Married,Own House,Secondary / Secondary Special,State Servant,87000.0,20.5,2,0,0,1,1
ACC-12436,Female,50,Married,Rented Apartment,Secondary / Secondary Special,State Servant,43000.0,22.1,1,4,1,2,1
ACC-12437,Female,48,Married,Rented Apartment,Secondary / Secondary Special,State Servant,64400.0,2.2,1,0,1,1,0
ACC-12438,Female,37,Civil Union,Rented Apartment,Academic Degree,Working,74400.0,10.3,1,1,0,0,1
ACC-12439,Female,23,Married,Own House,Higher Education,Commercial Associate,101100.0,2.9,2,0,2,0,1
ACC-12440,Male,36,Separated,With Parents,Secondary / Secondary Special,Working,42900.0,4.6,2,1,1,2,0
ACC-12441,Female,50,Single,Own House,Secondary / Secondary Special,Working,55100.0,27.3,2,1,2,0,1
ACC-12442,Male,49,Married,Own House,Secondary / Secondary Special,Commercial Associate,81300.0,27.6,2,0,0,2,1
ACC-12443,Male,65,Separated,Own House,Secondary / Secondary Special,Working,83200.0,12.5,2,1,0,0,1
ACC-12444,Female,35,Married,Own House,Secondary / Secondary Special,Pensioner,62400.0,11.4,2,2,2,3,0
ACC-12445,Female,45,Married,Own House,Secondary / Secondary Special,Working,18000.0,6.3,1,0,0,2,0
ACC-12446,Female,58,Married,Own House,Higher Education,State Servant,104900.0,28.2,2,0,2,0,1
ACC-12447,Female,62,Married,Own House,Higher Education,Working,94500.0,33.6,1,0,0,0,1
ACC-12448,Female,58,Married,Own House,Secondary / Secondary Special,State Servant,52700.0,9.8,4,2,0,0,1
ACC-12449,Female,43,Married,Rented Apartment,Secondary / Secondary Special,State Servant,45600.0,16.6,3,1,3,2,0
ACC-12450,Female,45,Married,Own House,Secondary / Secondary Special,Pensioner,43600.0,20.4,5,2,2,2,1
ACC-12451,Male,62,Single,Own House,Higher Education,Working,95100.0,15.4,2,0,1,0,1
ACC-12452,Male,27,Married,Own House,Higher Education,Pensioner,78300.0,1.6,4,0,3,0,1
ACC-12453,Female,42,Separated,Rented Apartment,Higher Education,Working,85700.0,2.5,2,0,2,1,0
ACC-12454,Male,37,Married,Own House,Secondary / Secondary Special,Working,18000.0,10.0,2,0,1,0,1
ACC-12455,Female,38,Married,Own House,Higher Education,Working,79100.0,17.6,1,1,5,1,1
ACC-12456,Female,61,Married,Own House,Secondary / Secondary Special,State Servant,39000.0,33.8,3,4,2,1,1
ACC-12457,Male,30,Married,Rented Apartment,Secondary / Secondary Special,Working,110200.0,4.6,4,0,1,2,0
ACC-12458,Female,30,Married,Own House,Secondary / Secondary Special,State Servant,66300.0,5.6,1,3,1,0,1
ACC-12459,Female,27,Single,Rented Apartment,Secondary / Secondary Special,Commercial Associate,96300.0,2.3,1,0,3,0,0
ACC-12460,Male,58,Civil Union,Own House,Higher Education,Working,104000.0,6.6,3,3,0,0,1
ACC-12461,Male,47,Separated,Own House,Secondary / Secondary Special,Pensioner,51800.0,13.3,5,0,0,2,1
ACC-12462,Male,53,Married,Own House,Secondary / Secondary Special,Working,55800.0,15.6,3,3,0,0,1
ACC-12463,Male,21,Civil Union,Own House,Secondary / Secondary Special,State Servant,53000.0,0.8,2,0,0,0,0
ACC-12464,Male,64,Married,Own House,Secondary / Secondary Special,Working,20500.0,41.9,2,3,0,0,1
ACC-12465,Female,54,Married,Own House,Secondary / Secondary Special,Working,68100.0,20.7,2,0,2,0,1
ACC-12466,Female,24,Civil Union,Own House,Secondary / Secondary Special,Working,71600.0,2.6,4,0,2,1,0
ACC-12467,Female,37,Single,Rented Apartment,Secondary / Secondary Special,Working,63900.0,2.6,3,1,0,1,0
ACC-12468,Female,24,Married,Own House,Secondary / Secondary Special,Working,68200.0,4.0,2,0,2,0,1
ACC-12469,Female,63,Married,Rented Apartment,Academic Degree,Working,83500.0,33.3,2,1,1,0,1
ACC-12470,Female,46,Married,Own House,Secondary / Secondary Special,Working,58500.0,22.9,4,4,1,2,1
ACC-12471,Male,24,Single,Own House,Secondary / Secondary Special,Working,50700.0,2.0,3,1,1,0,1
ACC-12472,Male,21,Married,Own House,Secondary / Secondary Special,Working,79600.0,0.8,5,1,3,0,0
ACC-12473,Male,27,Separated,Own House,Higher Education,State Servant,90900.0,3.9,2,0,0,0,1
ACC-12474,Female,50,Married,Own House,Higher Education,Commercial Associate,90900.0,6.2,3,1,0,0,1
ACC-12475,Male,29,Married,Own House,Secondary / Secondary Special,State Servant,61500.0,6.4,3,1,0,0,1
ACC-12476,Female,55,Married,With Parents,Secondary / Secondary Special,Commercial Associate,57100.0,31.7,2,2,2,0,1
ACC-12477,Male,28,Married,Rented Apartment,Higher Education,Commercial Associate,97800.0,1.7,5,0,2,0,1
ACC-12478,Female,44,Married,Own House,Higher Education,Commercial Associate,117800.0,2.5,1,1,0,0,1
ACC-12479,Male,39,Single,Rented Apartment,Higher Education,Working,60700.0,14.2,3,0,0,0,1
ACC-12480,Female,56,Civil Union,Rented Apartment,Higher Education,Commercial Associate,103700.0,10.2,5,0,2,1,0
ACC-12481,Male,63,Civil Union,Own House,Higher Education,Working,73500.0,27.0,2,0,2,0,1
ACC-12482,Male,47,Single,Rented Apartment,Secondary / Secondary Special,State Servant,35700.0,18.9,2,0,1,0,1
ACC-12483,Female,52,Single,Own House,Secondary / Secondary Special,State Servant,106000.0,10.6,2,0,3,0,1
ACC-12484,Female,34,Married,Own House,Higher Education,Working,117600.0,11.5,3,0,5,1,0
ACC-12485,Male,38,Single,Own House,Higher Education,Commercial Associate,91800.0,10.1,4,2,0,0,1
ACC-12486,Female,48,Married,Own House,Secondary / Secondary Special,Working,58600.0,24.4,2,0,1,4,0
ACC-12487,Male,49,Married,Own House,Academic Degree,Working,65500.0,22.3,3,2,0,0,1
ACC-12488,Male,36,Married,Own House,Secondary / Secondary Special,Working,30000.0,14.0,2,0,2,0,1
ACC-12489,Female,55,Married,With Parents,Secondary / Secondary Special,State Servant,40200.0,1.2,1,0,1,0,1
ACC-12490,Female,51,Married,With Parents,Higher Education,Commercial Associate,104300.0,7.9,2,1,0,0,1
ACC-12491,Female,24,Separated,With Parents,Secondary / Secondary Special,State Servant,62500.0,0.8,3,1,2,0,0
ACC-12492,Male,57,Married,Rented Apartment,Secondary / Secondary Special,Working,72300.0,16.6,1,1,2,0,1
ACC-12493,Female,37,Married,With Parents,Secondary / Secondary Special,Working,79900.0,15.2,3,1,0,0,1
ACC-12494,Female,59,Married,Own House,Secondary / Secondary Special,Commercial Associate,86100.0,18.5,2,0,0,0,1
ACC-12495,Female,46,Married,Own House,Secondary / Secondary Special,Working,41200.0,22.2,3,1,0,1,1
ACC-12496,Male,59,Married,Own House,Secondary / Secondary Special,Commercial Associate,87100.0,13.1,1,1,1,1,1
ACC-12497,Male,61,Married,Rented Apartment,Secondary / Secondary Special,Working,79000.0,14.3,3,0,2,0,1
ACC-12498,Male,24,Married,Own House,Academic Degree,Working,100600.0,3.6,2,2,1,0,1
ACC-12499,Female,50,Married,Rented Apartment,Academic Degree,Working,69400.0,13.1,4,1,1,0,1
